image_path,split,pred_text,confidence,format_ok,signature,priority,reason,plate_text
data/crnn_crops/train/-852568167444647654737824-d_jpg.rf.5ffb33e8b377ef8847f2bc8427237311.jpg,train,,0.0,0,,1,format-invalid,
data/crnn_crops/train/-867773167789460515536383-c_jpg.rf.c5ac5d75085ae21456cc1d16c7e72e5d.jpg,train,-,0.0,0,-,1,format-invalid,
data/crnn_crops/train/IMG_5536_jpg.rf.419e4b236e594d80d14071efe0fc01be.jpg,train,--,0.0,0,-,1,format-invalid,
data/crnn_crops/train/IMG_8548_JPG.rf.a9996b6024d6316450ba2df182d68295.jpg,train,-,0.0,0,-,1,format-invalid,
data/crnn_crops/train/IMG_8829_JPG.rf.34ef25279d73f19513a2f0667394f2ea.jpg,train,-,0.0,0,-,1,format-invalid,
data/crnn_crops/train/IMG_9261_jpg.rf.98e02a00a2a6b944d54eaa05d9f0f0eb.jpg,train,-,0.0,0,-,1,format-invalid,
data/crnn_crops/train/photo_2023-05-31_16-46-27_jpg.rf.79832d00164c64edb8fb3cdf8201887b.jpg,train,--,0.0,0,-,1,format-invalid,
data/crnn_crops/valid/27349737072_b775a8d960_b_jpg.rf.7ba702de123c25afc5bf81892d703bc2.jpg,valid,-,0.0,0,-,1,format-invalid,
data/crnn_crops/valid/IMG_3709_jpg.rf.e0994559cbdd599cc6706fc27df34f5c.jpg,valid,,0.0,0,,1,format-invalid,
data/crnn_crops/train/IMG_8813_JPG.rf.a139415b5a55b800662e1b941bf8551d.jpg,train,7,0.1073,0,D,1,format-invalid,
data/crnn_crops/train/IMG_4643_jpg.rf.5415efd80ec7fb9c42537a2c5f35de26.jpg,train,-1,0.1255,0,-D,1,format-invalid,1D-8300
data/crnn_crops/train/IMG_3365_jpg.rf.a9c110f2724ebfa90cf7c90d16613a85.jpg,train,-60,0.1271,0,-DD,1,format-invalid,
data/crnn_crops/train/photo_2021-10-21_12-39-28_jpg.rf.7c71ee73c6a2e5e14003d7d617ce83cd.jpg,train,-60,0.1271,0,-DD,1,format-invalid,
data/crnn_crops/train/IMG_5433_jpg.rf.a32d18944306b104d2cfb7d4d4564444.jpg,train,1-,0.1301,0,D-,1,format-invalid,1B-0906
data/crnn_crops/valid/IMG_5628_jpg.rf.6686a7f47cbddc898d42819312931b43.jpg,valid,--0,0.1433,0,-D,1,format-invalid,
data/crnn_crops/train/IMG_8623_JPG.rf.cdeae6097ace3b9efc0ddf0940a0a0d6.jpg,train,1-,0.1437,0,D-,1,format-invalid,
data/crnn_crops/valid/IMG_8617_JPG.rf.501149ba9fd174891f1d5de10220ec43.jpg,valid,-0,0.1532,0,-D,1,format-invalid,
data/crnn_crops/valid/IMG_8645_JPG.rf.6697025f6c60549340bd531b712e71fe.jpg,valid,---0,0.159,0,-D,1,format-invalid,1JU-4085
data/crnn_crops/train/IMG_3394_jpg.rf.cbdced500fe3df37090922127fd3e362.jpg,train,97,0.1593,0,DD,1,format-invalid,
data/crnn_crops/valid/IMG_8844_jpg.rf.31d421c9499cbc8a388356cb495847e5.jpg,valid,27,0.1593,0,DD,1,format-invalid,
data/crnn_crops/train/IMG_8612_JPG.rf.d8249c310c3480b37ca34f1b7a732294.jpg,train,--6,0.162,0,-D,1,format-invalid,1AC-8207
data/crnn_crops/train/Prey-Veng-number-plate_26_jpeg.rf.a91aaf154459f510d661d4348159fbfd.jpg,train,-0--,0.1624,0,-D-,1,format-invalid,
data/crnn_crops/train/IMG_8546_jpg.rf.d6f05f0606a1872d7a7e081f6bfd9e82.jpg,train,11,0.1631,0,DD,1,format-invalid,1A-6306
data/crnn_crops/train/IMG_9991_jpg.rf.762e6dbf94637e8a6a2ed181cb1dd9fd.jpg,train,--7,0.1641,0,-D,1,format-invalid,
data/crnn_crops/train/IMG_8626_JPG.rf.04a56202943ff45fd03d097eb8f027a4.jpg,train,19,0.1646,0,DD,1,format-invalid,1AK-3177
data/crnn_crops/valid/22017737_jpg.rf.25e52b3022a5e3bec6f8426cff589657.jpg,valid,-0,0.1685,0,-D,1,format-invalid,
data/crnn_crops/train/IMG_8766_JPG.rf.27000269f63f26f5ff7f22afde859f27.jpg,train,--7,0.1707,0,-D,1,format-invalid,1X-2548
data/crnn_crops/valid/IMG_8701_JPG.rf.6b9d4fffb22c20641d093071a3b82c02.jpg,valid,-B,0.1738,0,-L,1,format-invalid,1AT-8971
data/crnn_crops/valid/100007690e_jpg.rf.902119145864ba8103d99ab65f543747.jpg,valid,2--,0.1745,0,D-,1,format-invalid,3-2934
data/crnn_crops/train/IMG_8621_JPG.rf.a9e5fdd5c0ba114a8d668634f3abe56c.jpg,train,-B-7,0.1859,0,-L-D,1,format-invalid,1V-1571
data/crnn_crops/train/IMG_8556_JPG.rf.71cab9c1afadd950ef31f1c375b82117.jpg,train,78,0.1916,0,DD,1,format-invalid,
data/crnn_crops/train/Stung-Treng-number-plate_13_jpeg.rf.e614fc8b158dc3d3d20a80fa3877e330.jpg,train,60,0.2112,0,DD,1,format-invalid,3A-1927
data/crnn_crops/valid/Preah-Sihanouk-number-plate_14_jpeg.rf.8d0d8d2e69b3be1c403e4ab0de3e31dd.jpg,valid,97,0.2131,0,DD,1,format-invalid,
data/crnn_crops/valid/IMG_7274_jpg.rf.cc2f6b41eb22dfcbb9cfde8e6387c282.jpg,valid,31,0.214,0,DD,1,format-invalid,1A-6181
data/crnn_crops/train/IMG_4243_jpg.rf.bf19b02dd67a87df6e8aa3861263d312.jpg,train,F19,0.2188,0,LDD,1,format-invalid,1AA-9838
data/crnn_crops/train/IMG_1093_jpg.rf.1e4e37cf32ef35126802aa6933704da7.jpg,train,97,0.2279,0,DD,1,format-invalid,
data/crnn_crops/train/IMG_8798_jpg.rf.a2e3f7f0f6680725bfc7f025147d80a8.jpg,train,19,0.2352,0,DD,1,format-invalid,1U-2965
data/crnn_crops/valid/IMG_8541_JPG.rf.905c737031a339b43743699edc9ae03e.jpg,valid,4--7,0.2386,0,D-D,1,format-invalid,1E-3989
data/crnn_crops/train/IMG_4273_jpg.rf.f36def91eed325397da1dbc70093bce0.jpg,train,2-3,0.2483,0,D-D,1,format-invalid,
data/crnn_crops/train/IMG_8690_JPG.rf.b0d1b5c6cd02f70012b43e5ab5fa0626.jpg,train,-03,0.2509,0,-DD,1,format-invalid,1TJ-2745
data/crnn_crops/train/IMG_7797_jpg.rf.80970b829f1fcce21ce111e87321ab6b.jpg,train,-76,0.2515,0,-DD,1,format-invalid,1A-2230
data/crnn_crops/valid/IMG_8878_JPG.rf.768c7764cd8f2eaf633ab48b7771e7fb.jpg,valid,27,0.255,0,DD,1,format-invalid,
data/crnn_crops/train/IMG_8773_JPG.rf.f1bffda142f81ac57afd86ff290ae449.jpg,train,-18,0.2573,0,-DD,1,format-invalid,
data/crnn_crops/train/IMG_8593_jpg.rf.c01a87ef7c80ef625959ef5ef91eb11c.jpg,train,-00,0.2592,0,-DD,1,format-invalid,
data/crnn_crops/train/IMG_8656_JPG.rf.f6920b6a308ca1940662e6b1e143cb14.jpg,train,-47,0.2614,0,-DD,1,format-invalid,
data/crnn_crops/valid/IMG_6265_jpg.rf.f85ca877db9f5a4fba5cfe4497c914fd.jpg,valid,1--7,0.2682,0,D-D,1,format-invalid,1I-6427
data/crnn_crops/train/IMG_8842_JPG.rf.47430b48df83a0b02d77d81769906dcb.jpg,train,-16,0.2686,0,-DD,1,format-invalid,1AI-2439
data/crnn_crops/valid/IMG_8841_JPG.rf.18c7d2836f97c59bad1f36e2aacc4f2d.jpg,valid,B-2,0.2701,0,L-D,1,format-invalid,
data/crnn_crops/valid/IMG_121_jpg.rf.253aba695336f25408de64dcd5a71411.jpg,valid,1--9,0.2751,0,D-D,1,format-invalid,1E-8906
data/crnn_crops/train/IMG_8508_jpg.rf.e67568ea9114a0a7321b4f47225b2412.jpg,train,1-1-,0.2774,0,D-D-,1,format-invalid,1S-6654
data/crnn_crops/train/IMG_8553_JPG.rf.a36c9794ec9d048a645e7bf4280d0bd7.jpg,train,15,0.2792,0,DD,1,format-invalid,1AD-5922
data/crnn_crops/valid/IMG_8616_JPG.rf.ec353560978afa7d2f1c701841a420e1.jpg,valid,17,0.2826,0,DD,1,format-invalid,1R-2946
data/crnn_crops/train/IMG_8832_JPG.rf.efed752d1bd979e8f736d58fc7833e94.jpg,train,1-0,0.2838,0,D-D,1,format-invalid,1B-9206
data/crnn_crops/train/IMG_3613_jpg.rf.5bdb6f1baed3ca8194da8f24732d68e0.jpg,train,2--7,0.2866,0,D-D,1,format-invalid,
data/crnn_crops/train/IMG_5524_jpg.rf.6dcde89f58ff79a3a6eccd3d03bb5b4f.jpg,train,17,0.2876,0,DD,1,format-invalid,1H-9171
data/crnn_crops/train/22017709_jpg.rf.13f1e2c761b11ab0d19942faa2474341.jpg,train,-31,0.2907,0,-DD,1,format-invalid,
data/crnn_crops/valid/IMG_8635_JPG.rf.268270d4452bce12ec5336846009c679.jpg,valid,27,0.2919,0,DD,1,format-invalid,
data/crnn_crops/valid/IMG_3192_jpg.rf.881f30cf215196cd6379137004ffe9a7.jpg,valid,121,0.2927,0,DDD,1,format-invalid,
data/crnn_crops/train/IMG_3599_jpg.rf.0f6d537e57737e15ca41d521df2e8d76.jpg,train,1-1,0.2928,0,D-D,1,format-invalid,1V-8587
data/crnn_crops/train/IMG_8880_JPG.rf.cfae169464a61ba85bcf5da65e10568f.jpg,train,4--7,0.2938,0,D-D,1,format-invalid,1K-4775
data/crnn_crops/train/IMG_8692_JPG.rf.690692823abb0645eaccafbbc5d2caab.jpg,train,-45,0.2957,0,-DD,1,format-invalid,1M-7037
data/crnn_crops/train/Battambang-number-plate_27_jpeg.rf.b984e2482ab65da80880e690d2b5920c.jpg,train,4--6,0.2969,0,D-D,1,format-invalid,1IX-9748
data/crnn_crops/train/IMG_8877_JPG.rf.7610cace18b699481f4d8927b953ae85.jpg,train,2-0-,0.2979,0,D-D-,1,format-invalid,1KE-7636
data/crnn_crops/valid/IMG_8643_JPG.rf.dc3e7b81e61a9735f0d42eb7bdcc26ed.jpg,valid,-06,0.2987,0,-DD,1,format-invalid,1JX-9097
data/crnn_crops/train/photo_2023-05-31_16-46-03_jpg.rf.0e6991952264d0ccd4982d2aab9a2658.jpg,train,121,0.3007,0,DDD,1,format-invalid,
data/crnn_crops/train/IMG_9524_jpg.rf.5e0893051db75e200b12e7e99da000d0.jpg,train,2F--,0.3012,0,DL-,1,format-invalid,1C-8897
data/crnn_crops/train/IMG_8706_JPG.rf.8d049609697a86a3ed58846022d6d361.jpg,train,2-0,0.3085,0,D-D,1,format-invalid,1AQ-2139
data/crnn_crops/train/IMG_3366_jpg.rf.63ba793419945f26659c7d52862e17d7.jpg,train,2-6,0.3094,0,D-D,1,format-invalid,1AS-4722
data/crnn_crops/train/IMG_8650_JPG.rf.d778617f7a4619fc46fb26e449869ce1.jpg,train,1-1,0.31,0,D-D,1,format-invalid,1AB-2247
data/crnn_crops/train/photo_2023-05-31_16-45-59_jpg.rf.4c070b520e034a4fee7d3f8c14378e1a.jpg,train,1-9,0.3111,0,D-D,1,format-invalid,1E-8906
data/crnn_crops/valid/IMG_d8332_JPG.rf.d05c9554921efb8334cf30f716ad6cac.jpg,valid,4-1,0.3121,0,D-D,1,format-invalid,1G-6733
data/crnn_crops/train/IMG_8590_JPG.rf.dc9e356c32ec6d61e3a1968c5dd6b01d.jpg,train,26,0.3155,0,DD,1,format-invalid,1R-0026
data/crnn_crops/train/IMG_1119_jpg.rf.c72f7d5017361a5c0a534b67abe29ed2.jpg,train,1-11,0.3197,0,D-DD,1,format-invalid,
data/crnn_crops/train/IMG_8543_JPG.rf.46acabd360c74d97508ebdad378ba22c.jpg,train,2-27,0.3276,0,D-DD,1,format-invalid,1AS-8141
data/crnn_crops/train/IMG_8668_JPG.rf.50503348770e48765cc89e8c20bb4a00.jpg,train,2-9,0.3281,0,D-D,1,format-invalid,1P-0331
data/crnn_crops/valid/IMG_8639_JPG.rf.5ab474b0a6d1d7f9f9e4c2881dc2850e.jpg,valid,17,0.3284,0,DD,1,format-invalid,1X-2455
data/crnn_crops/train/IMG_d6176_JPG.rf.433d3ae070f559ec22a3eb760822020a.jpg,train,2-66,0.3294,0,D-DD,1,format-invalid,1M-6620
data/crnn_crops/valid/IMG_7747_jpg.rf.80c629e126cf4e4a4159cec9e17b2b47.jpg,valid,F-17,0.331,0,L-DD,1,format-invalid,1G-0113
data/crnn_crops/train/IMG_8143_jpg.rf.7661fb04f1e276954389434269d65ec8.jpg,train,2A---3,0.3335,0,DL-D,1,format-invalid,1M-0384
data/crnn_crops/train/IMG_5557_jpg.rf.f7ffe0b659860e6bd96b81b5dd0b257d.jpg,train,-10,0.3339,0,-DD,1,format-invalid,
data/crnn_crops/train/IMG_d3429_JPG.rf.f554b92f7589c5e7a6eb9ea8ed1cd96d.jpg,train,-99,0.3366,0,-DD,1,format-invalid,1Y-3323
data/crnn_crops/train/IMG_8418_jpg.rf.cd79f7a185c78972db14ab9ac4d8bc64.jpg,train,1-6,0.338,0,D-D,1,format-invalid,1G-5292
data/crnn_crops/valid/IMG_1048_jpg.rf.9032355c34c78ec975df0673c2e05800.jpg,valid,1-7,0.3393,0,D-D,1,format-invalid,1V-2142
data/crnn_crops/train/IMG_8631_JPG.rf.4bb07c61bddcebb7972864e94bb9d27d.jpg,train,1-7,0.3406,0,D-D,1,format-invalid,1V-2518
data/crnn_crops/train/IMG_6506_jpg.rf.1bcb680ad1f4435123acce11d952118d.jpg,train,--74,0.348,0,-DD,1,format-invalid,
data/crnn_crops/train/IMG_5217_jpg.rf.167ee0b5ab597d63250ad3ca4e4ea867.jpg,train,315,0.3509,0,DDD,1,format-invalid,1K-6688
data/crnn_crops/train/IMG_3045_jpg.rf.122831bd5aee256d4fe9b589e69c375f.jpg,train,--00,0.3522,0,-DD,1,format-invalid,
data/crnn_crops/train/IMG_8667_JPG.rf.f70d4e640d00e7299e2aeff79be5ecf8.jpg,train,--067,0.3542,0,-DDD,1,format-invalid,1J-4284
data/crnn_crops/train/IMG_7934_jpg.rf.0b3b150cbbe8f7e6d4c276ee8e1a0f3f.jpg,train,-182,0.3548,0,-DDD,1,format-invalid,1LL-3797
data/crnn_crops/train/22018976_jpg.rf.46f42916b6165d6b38d74566649cd974.jpg,train,S76,0.3549,0,LDD,1,format-invalid,1-0448
data/crnn_crops/valid/IMG_7945_jpg.rf.16c2c5dd2f5091fa29c3eced6fa055d9.jpg,valid,Z-635,0.3592,0,L-DDD,1,format-invalid,1LJ-6753
data/crnn_crops/train/photo_2023-05-31_16-46-12_jpg.rf.934756333340a6e6d84a675c2cf8f894.jpg,train,2-70,0.3667,0,D-DD,1,format-invalid,1E-7158
data/crnn_crops/train/IMG_8866_jpg.rf.21e0ab2c6632f06d038cbc3b5c7de087.jpg,train,2-02,0.3686,0,D-DD,1,format-invalid,1M-5841
data/crnn_crops/train/IMG_8638_JPG.rf.6f9a842fdb80880b02f90360eebca7de.jpg,train,-76,0.3713,0,-DD,1,format-invalid,
data/crnn_crops/train/IMG_4510_jpg.rf.713dac0e308231d03fa9fca805b3c743.jpg,train,20-5,0.3718,0,DD-D,1,format-invalid,
data/crnn_crops/train/IMG_9819_jpg.rf.2354d7374c3f8106a81ae6894d97ee25.jpg,train,1-82,0.3752,0,D-DD,1,format-invalid,1F-2713
data/crnn_crops/train/photo_2023-05-31_16-46-13-2-_jpg.rf.38a6b263fc6583a3123a208f2b338610.jpg,train,1E7,0.38,0,DLD,1,format-invalid,1F-2145
data/crnn_crops/valid/IMG_2563_jpg.rf.d7989467027f1f90d41833e934afcb82.jpg,valid,1-75,0.3832,0,D-DD,1,format-invalid,1R-3702
data/crnn_crops/train/IMG_d3846_JPG.rf.481c1688a856d7cc3ba7d4baed3ac366.jpg,train,168,0.385,0,DDD,1,format-invalid,1X-6843
data/crnn_crops/train/IMG_8663_JPG.rf.0e0dccff4d72e455b5ebb94e46679cf4.jpg,train,1--B6,0.3854,0,D-LD,1,format-invalid,1AB-8424
data/crnn_crops/train/IMG_8884_JPG.rf.e8b062cfe9dc0f7f3a683d6b79ea4c41.jpg,train,1-88,0.3861,0,D-DD,1,format-invalid,
data/crnn_crops/valid/1650855940183_jpg.rf.37fa2f11ea3474ca32acbe07fefc53ca.jpg,valid,4-67,0.39,0,D-DD,1,format-invalid,
data/crnn_crops/valid/IMG_8826_JPG.rf.6a4c319153c5cb29328aa498e38a8cda.jpg,valid,207,0.3916,0,DDD,1,format-invalid,1R-6141
data/crnn_crops/train/IMG_8666_JPG.rf.d96702729e0019d090582a7f2aeff865.jpg,train,13-5,0.3953,0,DD-D,1,format-invalid,
data/crnn_crops/train/Kandal-number-plate_12_jpeg.rf.377bc73a382b73f4b6cb8b6600df8a77.jpg,train,-02,0.398,0,-DD,1,format-invalid,
data/crnn_crops/train/IMG_9160_jpg.rf.a3de75058de73961d078dc9a36915453.jpg,train,2A78,0.3985,0,DLDD,1,format-invalid,1A-2284
data/crnn_crops/train/IMG_d8957_JPG.rf.7d496f13e4667ce5cd8e2af4edbe3820.jpg,train,4-16,0.4007,0,D-DD,1,format-invalid,1AA-5305
data/crnn_crops/train/IMG_5832_jpg.rf.8852da41737f6fa76679064a51454166.jpg,train,-077,0.4008,0,-DDD,1,format-invalid,
data/crnn_crops/train/IMG_8683_JPG.rf.c1e929d83e84ef359388a0264dc6e650.jpg,train,-J77,0.4026,0,-LDD,1,format-invalid,1I-1407
data/crnn_crops/train/IMG_8658_JPG.rf.82b329adeb1abef3cf73ad712642b0de.jpg,train,12-7,0.4034,0,DD-D,1,format-invalid,1Y-7894
data/crnn_crops/train/IMG_8627_JPG.rf.3a9ffdfdaa31da9824979ebe8769f4b3.jpg,train,-758,0.4043,0,-DDD,1,format-invalid,1FJ-1336
data/crnn_crops/train/IMG_3932_jpg.rf.d4cc37da8db3c82635423cf3f91e8eee.jpg,train,1-77,0.4092,0,D-DD,1,format-invalid,
data/crnn_crops/train/IMG_8752_JPG.rf.4035d2085c1847b068e70ac7d7a26989.jpg,train,A---75,0.411,0,L-DD,1,format-invalid,1M-3933
data/crnn_crops/train/IMG_8898_jpg.rf.25f7e96d63c74e99e77484951e0b4360.jpg,train,1F--8,0.4155,0,DL-D,1,format-invalid,1F-0234
data/crnn_crops/valid/Mondulkiri-number-plate_10_jpeg.rf.0c18333970624e0c5651066634b6a42a.jpg,valid,1J07,0.4168,0,DLDD,1,format-invalid,1CT-6477
data/crnn_crops/valid/IMG_8632_JPG.rf.0279270e37a4fa07852476fd0a64da31.jpg,valid,2-5-7,0.4199,0,D-D-D,1,format-invalid,1V-2548
data/crnn_crops/train/IMG_8863_JPG.rf.32a1be553a576efba4be51b5b2df20bb.jpg,train,2B-60,0.427,0,DL-DD,1,format-invalid,1AR-9561
data/crnn_crops/valid/IMG_8454_jpg.rf.ef61b208d584e08b8d337af177d0e4c4.jpg,valid,3A-7,0.4274,0,DL-D,1,format-invalid,1I-2779
data/crnn_crops/train/IMG_7637_jpg.rf.d063ee626a3aecb0e60a919e8a5a5efb.jpg,train,1F-7,0.4302,0,DL-D,1,format-invalid,1G-4252
data/crnn_crops/valid/IMG_8676_JPG.rf.cb24d9ad36b1a88ca9f728013c9b0f07.jpg,valid,217,0.4325,0,DDD,1,format-invalid,1X-1497
data/crnn_crops/valid/IMG_4289_jpg.rf.afb5723a1db639c3def76e593fda7fbd.jpg,valid,4S-4,0.4349,0,DL-D,1,format-invalid,1AQ-5404
data/crnn_crops/train/IMG_8618_JPG.rf.d947923d474a63fc102eeeb39028c33b.jpg,train,2-97,0.4378,0,D-DD,1,format-invalid,
data/crnn_crops/train/IMG_8669_JPG.rf.75d30d0b6d8838ded04e732be69065b1.jpg,train,2-16,0.4378,0,D-DD,1,format-invalid,1P-0331
data/crnn_crops/valid/IMG_8634_JPG.rf.491ad5f77b55d51a24f89072831bb3e3.jpg,valid,2-97,0.4384,0,D-DD,1,format-invalid,1AE-9733
data/crnn_crops/valid/22033292_jpg.rf.4de83aff77d083af790e3aa3c6226701.jpg,valid,1336,0.4409,0,DDDD,1,format-invalid,
data/crnn_crops/train/302096941_422923943154747_3008083968925692431_n_jpg.rf.ce55c279c5b3e2e5f8976478f8ede520.jpg,train,-7275,0.4413,0,-DDDD,1,format-invalid,
data/crnn_crops/train/-702003168216592248310842-j_jpg.rf.a8e04b695b4d2da16e2e1576b380b75f.jpg,train,101,0.4423,0,DDD,1,format-invalid,
data/crnn_crops/train/IMG_5904_jpg.rf.43517612c04c8001d2e68c7765424206.jpg,train,101,0.4423,0,DDD,1,format-invalid,
data/crnn_crops/train/IMG_8886_JPG.rf.b5fae3c23615ddcdbe53fbf7ebe33b88.jpg,train,-A-224,0.4429,0,-L-DDD,1,format-invalid,1-0448
data/crnn_crops/train/IMG_9672_jpg.rf.c0c5a9cd2c6bf56691ef6ad55c0fb48b.jpg,train,3388,0.4443,0,DDDD,1,format-invalid,
data/crnn_crops/train/IMG_8827_JPG.rf.05c8c6ee41025f7b8e6b4484a2485cea.jpg,train,--027,0.4453,0,-DDD,1,format-invalid,1R-6141
data/crnn_crops/train/IMG_8831_JPG.rf.4392005985c1193c2d4f79d00ba51cd9.jpg,train,2--55,0.4466,0,D-DD,1,format-invalid,1G-7939
data/crnn_crops/train/IMG_8609_JPG.rf.88bf03c67ebdd35afce4067fbe2e2019.jpg,train,2-57,0.4498,0,D-DD,1,format-invalid,1E-8757
data/crnn_crops/train/IMG_4507_jpg.rf.143a200e8f0ef71830021278b48226e0.jpg,train,1-63,0.4508,0,D-DD,1,format-invalid,1E-8841
data/crnn_crops/train/IMG_d4807_JPG.rf.23e7aacb63bd5a6d3b72769e2b30372f.jpg,train,2-77,0.4533,0,D-DD,1,format-invalid,
data/crnn_crops/train/IMG_4909_jpg.rf.75c2ee36bbdd18e56152b1fc64fa955b.jpg,train,1262,0.4548,0,DDDD,1,format-invalid,1E-1242
data/crnn_crops/train/IMG_9376_jpg.rf.7269c4510169a7b58bcfb0d8a5d438f1.jpg,train,1F--0,0.455,0,DL-D,1,format-invalid,1E-5245
data/crnn_crops/train/IMG_8646_JPG.rf.7ff58a8256dd237b102ab1c4a7bb081e.jpg,train,1-05,0.4556,0,D-DD,1,format-invalid,1JU-4085
data/crnn_crops/train/akgjgitjsljrerdfkjwe_jpg.rf.743f1875e717da39bdb1a57d359ff298.jpg,train,2-26,0.4571,0,D-DD,1,format-invalid,1V-7001
data/crnn_crops/train/IMG_8859_JPG.rf.83fd71a187b999e952d61b17b8444768.jpg,train,160,0.4579,0,DDD,1,format-invalid,1I-0259
data/crnn_crops/valid/IMG_8624_JPG.rf.1e08a6372e38e3f151ab4f2e5be35800.jpg,valid,2--0-7,0.4591,0,D-D-D,1,format-invalid,1D-3040
data/crnn_crops/train/IMG_8536_JPG.rf.b16cb4247761de0871c8130e58b9c220.jpg,train,Q-05,0.4614,0,L-DD,1,format-invalid,1AO-3679
data/crnn_crops/train/IMG_5060_jpg.rf.ad6f3bf4f6356e53af8393d1d7f177b3.jpg,train,1F-70,0.4651,0,DL-DD,1,format-invalid,1M-6258
data/crnn_crops/valid/Screenshot-2023-05-30-162938_png.rf.6d8196e97ec8d5b666abaaefe6ac8571.jpg,valid,7150,0.4653,0,DDDD,1,format-invalid,
data/crnn_crops/valid/IMG_6419_jpg.rf.8aad8abdca9131bdf72c787f2318c8c0.jpg,valid,665,0.4654,0,DDD,1,format-invalid,
data/crnn_crops/valid/4E2A9729_jpg.rf.d44012f336da32d685a34e8887b190dd.jpg,valid,AM3,0.4661,0,LLD,1,format-invalid,SAMNANG9
data/crnn_crops/train/IMG_6660_jpg.rf.7dd4f877549d353a5de4883b32238418.jpg,train,AM3,0.4708,0,LLD,1,format-invalid,SAMNANG9
data/crnn_crops/valid/IMG_8547_JPG.rf.d0ba7119761acdc0d719d9d01da1bffa.jpg,valid,-B-07,0.4725,0,-L-DD,1,format-invalid,1Y-7108
data/crnn_crops/train/IMG_8707_JPG.rf.a58e20f01ba4003d63e7c998578e9fe4.jpg,train,4F-15,0.4747,0,DL-DD,1,format-invalid,1H-8545
data/crnn_crops/valid/IMG_8848_JPG.rf.66a17c59a93dd2914fc599b5f562281a.jpg,valid,A-56,0.4758,0,L-DD,1,format-invalid,1X-9130
data/crnn_crops/train/IMG_8515_JPG.rf.bb846272895b2c3834905eb7c5de76a9.jpg,train,4-1-7,0.477,0,D-D-D,1,format-invalid,
data/crnn_crops/valid/IMG_6029_jpg.rf.ea8bad97b93a8c0215b6be1524745f25.jpg,valid,147979,0.4773,0,DDDDDD,1,format-invalid,
data/crnn_crops/valid/IMG_6036_jpg.rf.52e120b31241df6032378464b75af1a9.jpg,valid,1-63,0.4797,0,D-DD,1,format-invalid,1J-6913
data/crnn_crops/train/dcf1e7ac373140c592eakfe2fbccc2b603_jpg.rf.5f76292c474aeed281fdd79365819ecc.jpg,train,3-365,0.4807,0,D-DDD,1,format-invalid,2B-2005
data/crnn_crops/train/IMG_4471_jpg.rf.bf6841554ad571daa7b263dedecdaa8f.jpg,train,1F-1,0.4846,0,DL-D,1,format-invalid,1U-8989
data/crnn_crops/valid/IMG_6412_jpg.rf.2154f390a8a1f80f1b96c0bb858d03dd.jpg,valid,191,0.4866,0,DDD,1,format-invalid,1H-9690
data/crnn_crops/valid/IMG_8783_JPG.rf.8360abadedbe19ded1270be0c38b4e44.jpg,valid,42-73,0.487,0,DD-DD,1,format-invalid,1W-0444
data/crnn_crops/train/IMG_8568_JPG.rf.df84bb8d77ac16faeb8f2ae5ea58440c.jpg,train,18F-616,0.4892,0,DDL-DDD,1,format-invalid,1AE-6817
data/crnn_crops/train/14016dedb3b54fdcadda25f2d0d357fc_jpg.rf.24993719d5001400c361a9f0d98ef810.jpg,train,163,0.4897,0,DDD,1,format-invalid,
data/crnn_crops/train/IMG_8759_JPG.rf.6fb0ab82c6cd98e4be2b792e44e7bc63.jpg,train,1-487,0.4898,0,D-DDD,1,format-invalid,1J-4314
data/crnn_crops/train/IMG_8669_jpg.rf.6ba0eeade47baa14bd35c827a5b80a9d.jpg,train,2277,0.4936,0,DDDD,1,format-invalid,
data/crnn_crops/train/IMG_8749_JPG.rf.e4fddf0ebc014f57ec26045a8b97d73c.jpg,train,1-066,0.4949,0,D-DDD,1,format-invalid,1I-0259
data/crnn_crops/train/IMG_4217_jpg.rf.0cdc0343dff3515c5affbb91a981c627.jpg,train,4-166,0.4955,0,D-DDD,1,format-invalid,1M-0220
data/crnn_crops/train/IMG_6485_jpg.rf.47e0cbce4a7c089b54af034686b49064.jpg,train,4978,0.4972,0,DDDD,1,format-invalid,
data/crnn_crops/train/c49d6807-68d3-4219-872c-dc9f8eca0719_jpg.rf.1be84c6033669a2e9d274ded4e8effd1.jpg,train,-S-36,0.4979,0,-L-DD,1,format-invalid,
data/crnn_crops/valid/IMG_6184_jpg.rf.2271bde6f6d5db6602181fe444539ae5.jpg,valid,3J50,0.4982,0,DLDD,1,format-invalid,
data/crnn_crops/valid/IMG_7852_jpg.rf.9f866cf7ba48a58aba376701e2217526.jpg,valid,1A75,0.5004,0,DLDD,1,format-invalid,1I-2779
data/crnn_crops/valid/IMG_4925_jpg.rf.ab96db9ae4f15006997c358920172332.jpg,valid,780,0.5041,0,DDD,1,format-invalid,
data/crnn_crops/train/IMG_3844_jpg.rf.88b4ca41700c42dbdb8264fcc0345a46.jpg,train,1B77,0.5043,0,DLDD,1,format-invalid,1S-9271
data/crnn_crops/train/IMG_8116_jpg.rf.cd2c00860599f8990dc0deab32515ca0.jpg,train,2-157,0.5048,0,D-DDD,1,format-invalid,1A-6398
data/crnn_crops/valid/IMG_8757_jpg.rf.ca136368a94a87b51feed222e2513d66.jpg,valid,279,0.506,0,DDD,1,format-invalid,
data/crnn_crops/train/Screenshot-2023-05-30-162701_png.rf.7e2d457858c3778ade5cc8161b3aab77.jpg,train,11-7,0.5098,0,DD-D,1,format-invalid,1K-1448
data/crnn_crops/train/IMG_8674_JPG.rf.1e04b392171506af3e7e18a5f808e96b.jpg,train,2-07,0.5124,0,D-DD,1,format-invalid,1V-8866
data/crnn_crops/train/IMG_3810_jpg.rf.d5ca802b1c0da6bf5032a091863e7eca.jpg,train,4B-56-1,0.5125,0,DL-DD-D,1,format-invalid,1L-6014
data/crnn_crops/train/IMG_8552_JPG.rf.177c16ad0cb8b324a9ba91fd7df0c5a1.jpg,train,2F197,0.5127,0,DLDDD,1,format-invalid,1L-1576
data/crnn_crops/valid/s-877036168042151061513107-b_jpg.rf.5420e8f7662221b68129280872ee7c1d.jpg,valid,2-27,0.514,0,D-DD,1,format-invalid,
data/crnn_crops/valid/IMG_5393_jpg.rf.722c0bdac826b9f9bfee96c1e0df4dfb.jpg,valid,-110C,0.5142,0,-DDDL,1,format-invalid,1G-9286
data/crnn_crops/train/IMG_8622_JPG.rf.3891a9be3704be534e4e40bc14a6a148.jpg,train,3776,0.5161,0,DDDD,1,format-invalid,1C-5169
data/crnn_crops/train/IMG_9645_jpg.rf.68a3b34214ad6a30d84be49ca63ee95d.jpg,train,1-16,0.5163,0,D-DD,1,format-invalid,1B-0108
data/crnn_crops/train/IMG_6638_jpg.rf.526d27e475309b3e2bae7eb8f695f8fa.jpg,train,4-96,0.5167,0,D-DD,1,format-invalid,1T-7958
data/crnn_crops/train/IMG_5974_jpg.rf.0857eb3efa9e022e532858f93e07613c.jpg,train,2-336,0.5171,0,D-DDD,1,format-invalid,1V-5334
data/crnn_crops/train/IMG_3585_jpg.rf.35fb198eb28bd26091172d99b5042ad9.jpg,train,2063,0.5172,0,DDDD,1,format-invalid,
data/crnn_crops/train/IMG_3682_jpg.rf.bb60d269072bffc2fac713d1076e16d2.jpg,train,11-12,0.5191,0,DD-DD,1,format-invalid,1T-8302
data/crnn_crops/valid/IMG_8768_JPG.rf.48ff3162de57b6c21ea3d19b001cc5f4.jpg,valid,1-557,0.521,0,D-DDD,1,format-invalid,1L-3286
data/crnn_crops/valid/Screenshot-2023-05-30-162646_png.rf.99fbbd366b27c0899e159e71b0a3c21a.jpg,valid,1366,0.5213,0,DDDD,1,format-invalid,1K-1448
data/crnn_crops/train/IMG_6019_jpg.rf.1d6f723deb81d6951f1236fcadc6688b.jpg,train,1-10,0.5225,0,D-DD,1,format-invalid,1K-4569
data/crnn_crops/train/IMG_8619_JPG.rf.2aeb46c198220249576e720857967e86.jpg,train,2-667,0.5268,0,D-DDD,1,format-invalid,1H-6869
data/crnn_crops/train/IMG_8196_jpg.rf.9d5be04b17f9a61b4b645f12d0122e6d.jpg,train,3-13,0.5272,0,D-DD,1,format-invalid,
data/crnn_crops/train/IMG_5549_jpg.rf.92292a3784d325a1000b4592f52e577d.jpg,train,14-76,0.5281,0,DD-DD,1,format-invalid,1AD-3234
data/crnn_crops/train/photo_20211022_121306_jpg.rf.02694b8e5d8ebbc679ffdd64ed99d707.jpg,train,A-577,0.5328,0,L-DDD,1,format-invalid,
data/crnn_crops/train/IMG_3581_jpg.rf.57e7cef52c9bdd3459420ae884a54c85.jpg,train,C389,0.5371,0,LDDD,1,format-invalid,
data/crnn_crops/train/Siem-Reap-number-plate_7_jpeg.rf.324a4e4c252560066ca963a23ec6e3f9.jpg,train,4166,0.5417,0,DDDD,1,format-invalid,1M-0220
data/crnn_crops/train/fake-kh-2005-psg_2-4422_MTQ2NDM3NTc1NS4wMA0eb2f78a2ba2-1-_jpg.rf.0f2594e4a9bf7e56800c308685c8c737.jpg,train,2-22,0.5421,0,D-DD,1,format-invalid,2-4422
data/crnn_crops/train/IMG_4162_jpg.rf.892f4ab505476cb7f31116d69f5978c0.jpg,train,17107,0.5425,0,DDDDD,1,format-invalid,1I-6104
data/crnn_crops/valid/IMG_3358_jpg.rf.c335360b4c50c453388fb2a41335cf81.jpg,valid,31-77,0.5447,0,DD-DD,1,format-invalid,1P-5440
data/crnn_crops/train/gSq2eSS_jpg.rf.42482886b60153def23bf1396144ab7b.jpg,train,2-08,0.545,0,D-DD,1,format-invalid,2-4508
data/crnn_crops/train/IMG_8482_JPG.rf.8444ded519440d53998941f03bacc93e.jpg,train,2-666,0.5465,0,D-DDD,1,format-invalid,1G-6733
data/crnn_crops/valid/IMG_8546_JPG.rf.a0ca8a0dc7b920663a555e482cacc824.jpg,valid,A-5-5,0.5546,0,L-D-D,1,format-invalid,1W-2443
data/crnn_crops/train/iwojxlngrsjgfo_jpg.rf.3ff1c09f77e369cc8b545dc973f31b87.jpg,train,2-08,0.5551,0,D-DD,1,format-invalid,2-4508
data/crnn_crops/valid/IMG_8833_JPG.rf.ed3a2feded18b23e19a582b7268a2dad.jpg,valid,-6609,0.5565,0,-DDDD,1,format-invalid,1K-6319
data/crnn_crops/valid/IMG_6462_jpg.rf.d175aa7a4494f9c3786c248782353bac.jpg,valid,1-27,0.5588,0,D-DD,1,format-invalid,1O-7465
data/crnn_crops/valid/IMG_2651_jpg.rf.b13b956547976854968dd1d7ea32e880.jpg,valid,4B10868,0.562,0,DLDDDDD,1,format-invalid,
data/crnn_crops/train/IMG_3678_jpg.rf.318f868acf1f298a22f5c01c4be740cd.jpg,train,2F-17,0.5641,0,DL-DD,1,format-invalid,1E-9019
data/crnn_crops/valid/22021859_jpg.rf.f5b671956f4c675633099b3d8d42f194.jpg,valid,2-77,0.5659,0,D-DD,1,format-invalid,
data/crnn_crops/train/IMG_8583_JPG.rf.898520d4bb2c8b872b195e69e8d56ef0.jpg,train,2-167,0.5684,0,D-DDD,1,format-invalid,1W-1377
data/crnn_crops/valid/IMG_1031_jpg.rf.170b33af1b37c1c31a92e0356c45a67e.jpg,valid,--8916,0.5693,0,-DDDD,1,format-invalid,1L-2919
data/crnn_crops/train/photo_2021-09-30_10-25-46-1-_jpg.rf.d88dc2039df98d035bc6943d69cdea4f.jpg,train,1623,0.5702,0,DDDD,1,format-invalid,
data/crnn_crops/train/IMG_5911_jpg.rf.07f98510fef241ffb2b591ebb5c3fd9d.jpg,train,1623,0.5705,0,DDDD,1,format-invalid,
data/crnn_crops/valid/IMG_8604_JPG.rf.5409904d3b13125b9526ed56002fc942.jpg,valid,12J--77,0.5746,0,DDL-DD,1,format-invalid,1T-1995
data/crnn_crops/valid/IMG_8483_jpg.rf.4bcd59b7a2a7b22535a620ad72321347.jpg,valid,2A-2,0.5773,0,DL-D,1,format-invalid,2A-2287
data/crnn_crops/train/images-3-_jpg.rf.7c5f1ecf097ab30ab117a830ec90ab42.jpg,train,2A-2,0.5776,0,DL-D,1,format-invalid,2A-2287
data/crnn_crops/train/IMG_1044_jpg.rf.90ef74a2388df90df9992e07279866b6.jpg,train,11F-9,0.5779,0,DDL-D,1,format-invalid,1F-3493
data/crnn_crops/train/IMG_4332_jpg.rf.829bb9d20cd66824651d665311485b34.jpg,train,1G35-3,0.5782,0,DLDD-D,1,format-invalid,1C-5367
data/crnn_crops/train/IMG_8792_jpg.rf.4cbd8935cf669ad894ee5c8ce8620b3d.jpg,train,1-F77,0.5806,0,D-LDD,1,format-invalid,
data/crnn_crops/train/postnews-com-kh-2022-09-26_10-37-17_jpg.rf.dbdb8b1a0a1a8403c0f6bd5ff2497c7c.jpg,train,2-376,0.5809,0,D-DDD,1,format-invalid,1X-4788
data/crnn_crops/valid/photo_2023-05-31_16-46-08_jpg.rf.412ada81fea007f5bee869bf7d827b78.jpg,valid,11F-9,0.584,0,DDL-D,1,format-invalid,1F-3493
data/crnn_crops/train/IMG_4423_jpg.rf.c6c2c0379b6727f2e35e7186b5e2d50f.jpg,train,4F-71-,0.5858,0,DL-DD-,1,format-invalid,1O-1646
data/crnn_crops/train/IMG_6158_jpg.rf.306669cd298531346291a94d44c7ca64.jpg,train,H-D-L7,0.587,0,L-L-LD,1,format-invalid,HDLINA
data/crnn_crops/train/IMG_8407_jpg.rf.61561c4334359b30b56f460c46b2b379.jpg,train,11-13,0.587,0,DD-DD,1,format-invalid,1W-9594
data/crnn_crops/train/IMG_8615_JPG.rf.6d47ade00547eedb94035604b56a49ea.jpg,train,2-097,0.5884,0,D-DDD,1,format-invalid,
data/crnn_crops/valid/IMG_5101_jpg.rf.40e176e74c9ba4a4179d2a4329501fa0.jpg,valid,3F-11,0.5896,0,DL-DD,1,format-invalid,
data/crnn_crops/train/IMG_8876_JPG.rf.d96c364f4bbde09114e919583498a82b.jpg,train,233777,0.5899,0,DDDDDD,1,format-invalid,1A-5586
data/crnn_crops/valid/IMG_8824_JPG.rf.116db59383dd0bfd82bfd4bcf615aab0.jpg,valid,A-337,0.5904,0,L-DDD,1,format-invalid,1M-6355
data/crnn_crops/train/IMG_6576_jpg.rf.616d9b0318d8f4737afb06c1b77b69ee.jpg,train,2F-615,0.5954,0,DL-DDD,1,format-invalid,1C-4894
data/crnn_crops/train/IMG_7423_jpg.rf.dd6bdd846c9fbb63abc9c18e8c0b8f15.jpg,train,G--G77,0.5956,0,L-LDD,1,format-invalid,1E-6206
data/crnn_crops/train/IMG_3803_jpg.rf.2429ce2bf7a62c465a184054c0929a31.jpg,train,2A30,0.5985,0,DLDD,1,format-invalid,
data/crnn_crops/train/skdksoajoiajrls_jpg.rf.f51214bff20e88ffc32a728eca128253.jpg,train,1-966,0.601,0,D-DDD,1,format-invalid,1A-9520
data/crnn_crops/train/IMG_8756_JPG.rf.e0179445dfa4da18ff11460db26e40de.jpg,train,1R--7-6,0.6013,0,DL-D-D,1,format-invalid,1AS-9972
data/crnn_crops/train/IMG_5224_jpg.rf.1bcdbc9233c21caf476bd89194c13297.jpg,train,1-966,0.6016,0,D-DDD,1,format-invalid,1A-9520
data/crnn_crops/train/IMG_9373_jpg.rf.73ac21ea930b1190dbdafd66b480a51f.jpg,train,2F36,0.6039,0,DLDD,1,format-invalid,1T-3446
data/crnn_crops/valid/photo_2023-05-31_16-48-10_jpg.rf.75a18a7799cde9a89f9ec4d5702a040d.jpg,valid,217657,0.6047,0,DDDDDD,1,format-invalid,
data/crnn_crops/train/IMG_d6815_JPG.rf.e6313f0750f2ee3105e5c137f2953a50.jpg,train,2-175,0.6058,0,D-DDD,1,format-invalid,1AS-7516
data/crnn_crops/train/lowerres_3829_jpg.rf.8002ba55e9135cf1ce8da21edd1d6795.jpg,train,2-177,0.6077,0,D-DDD,1,format-invalid,
data/crnn_crops/train/IMG_9072_jpg.rf.c3625e2a2336de32475bfe8ff8148e42.jpg,train,1A-65,0.6109,0,DL-DD,1,format-invalid,1Y-4705
data/crnn_crops/train/IMG_6664_jpg.rf.ba9d935be2b20494cf2119197a084c13.jpg,train,2F736,0.6119,0,DLDDD,1,format-invalid,1C-5501
data/crnn_crops/train/photo_2023-05-31_16-45-55_jpg.rf.504173da879fe249920ccac95a76ed1e.jpg,train,275956,0.6149,0,DDDDDD,1,format-invalid,
data/crnn_crops/valid/IMG_6373_jpg.rf.012ceda688c72138c586e9c0bede2317.jpg,valid,1710,0.6162,0,DDDD,1,format-invalid,1P-2516
data/crnn_crops/train/IMG_2603_jpg.rf.e1c8bc0637843fceed838192444f481e.jpg,train,1771755,0.6167,0,DDDDDDD,1,format-invalid,
data/crnn_crops/train/images-5-_jpg.rf.40db6c25e7a6e227643ff87dd3096dda.jpg,train,1-623,0.6187,0,D-DDD,1,format-invalid,1J-6913
data/crnn_crops/train/images-3-_jpg.rf.62e710fa2c7c7a279f8bd86fb1c53977.jpg,train,1936,0.6191,0,DDDD,1,format-invalid,1A-9520
data/crnn_crops/train/IMG_8789_JPG.rf.a8ae3bd578241d6bf7a60c0b4f9d701d.jpg,train,2-167,0.6192,0,D-DDD,1,format-invalid,1V-4388
data/crnn_crops/train/IMG_3432_jpg.rf.d565e4f79df65c62e3031f970d27a401.jpg,train,-Z727,0.6209,0,-LDDD,1,format-invalid,1H-6777
data/crnn_crops/train/IMG_4063_jpg.rf.4148f1654a223ff5037dca495b267e1c.jpg,train,1A11,0.6214,0,DLDD,1,format-invalid,
data/crnn_crops/valid/Kampong-Chhnang-number-plate_5_jpeg.rf.1f921a76655c3d1cafe33e7015495c41.jpg,valid,1A11,0.6214,0,DLDD,1,format-invalid,
data/crnn_crops/train/ieosruhxls_jpg.rf.9d3d6e1212f45152c2d53859a35816b2.jpg,train,-3575,0.6256,0,-DDDD,1,format-invalid,
data/crnn_crops/train/IMG_3286_jpg.rf.e26ff6b45fc888d30a9a6f846479e2e7.jpg,train,-3575,0.6256,0,-DDDD,1,format-invalid,
data/crnn_crops/valid/IMG_9000_jpg.rf.4d9183aed31fdf6a3a3e16b7a5edd8c5.jpg,valid,2-80886,0.6256,0,D-DDDDD,1,format-invalid,
data/crnn_crops/valid/IMG_2921_jpg.rf.3282df94fc7867909250b999dc6d1224.jpg,valid,1936,0.6292,0,DDDD,1,format-invalid,1A-9520
data/crnn_crops/valid/IMG_6250_jpg.rf.4f5f84f6bf96ccda00a50077bd064d26.jpg,valid,1S-165,0.6312,0,DL-DDD,1,format-invalid,1AD-3595
data/crnn_crops/valid/23424760_jpg.rf.ae4d5ca872d8b07ea4eadb8a2baf11e6.jpg,valid,-4199,0.6313,0,-DDDD,1,format-invalid,
data/crnn_crops/valid/IMG_3479_jpg.rf.bb61ac040bc929674ec3ca7986379946.jpg,valid,117177,0.6347,0,DDDDDD,1,format-invalid,1P-6760
data/crnn_crops/valid/IMG_8453_jpg.rf.663331dc1e6a550f30845a6ea34d5eb4.jpg,valid,1--964,0.6366,0,D-DDD,1,format-invalid,1S-9604
data/crnn_crops/train/IMG_8745_JPG.rf.714da68b149424089b4145920d06f447.jpg,train,4--486,0.6387,0,D-DDD,1,format-invalid,1AT-7188
data/crnn_crops/valid/22032569_jpg.rf.e406e06bfb7565db8d11d7781f72a526.jpg,valid,2-300,0.6389,0,D-DDD,1,format-invalid,2-2004
data/crnn_crops/train/IMG_4170_jpg.rf.7a59b74e9143a50b47fe7c6837417528.jpg,train,1HA-6,0.639,0,DLL-D,1,format-invalid,1Y-0471
data/crnn_crops/train/IMG_8651_JPG.rf.1ff9f795485bf32dfb5e97894942c640.jpg,train,22--63,0.6394,0,DD-DD,1,format-invalid,1I-6124
data/crnn_crops/valid/Screenshot-2023-05-10-134514_png.rf.6b1381cf6b2009ef289179aa5c1d5df2.jpg,valid,A-4444,0.6399,0,L-DDDD,1,format-invalid,
data/crnn_crops/train/IMG_8665_JPG.rf.bf341c935996385681df0ae97d3f749d.jpg,train,12-07,0.6401,0,DD-DD,1,format-invalid,1J-4284
data/crnn_crops/train/IMG_9874_jpg.rf.6775e5b3485868be35d1d72cb307aa1a.jpg,train,B-166,0.6409,0,L-DDD,1,format-invalid,1B-1420
data/crnn_crops/train/IMG_7529_jpg.rf.d976b3a509aac4f5f8af7a57d19503f5.jpg,train,2-576,0.6442,0,D-DDD,1,format-invalid,2BJ-3580
data/crnn_crops/train/IMG_8757_JPG.rf.1b425f4a4a1e77793ee7c2d7df3389f1.jpg,train,14-77,0.6445,0,DD-DD,1,format-invalid,1AV-0918
data/crnn_crops/train/IMG_7680_jpg.rf.ef0cb94a53dd2065a3d885fcc1ab08a0.jpg,train,-8889,0.6453,0,-DDDD,1,format-invalid,
data/crnn_crops/train/IMG_8650_jpg.rf.a37000ee69edf91e75fadb6680af1061.jpg,train,11F-7-6,0.6462,0,DDL-D-D,1,format-invalid,1G-1232
data/crnn_crops/train/IMG_9205_jpg.rf.ef56f0dd9a53f1c3609ad5ac211d4336.jpg,train,11E7,0.6494,0,DDLD,1,format-invalid,1B-8846
data/crnn_crops/valid/IMG_6473_jpg.rf.718d366099a8170a027190c8d5a1c858.jpg,valid,2686,0.6496,0,DDDD,1,format-invalid,1I-6991
data/crnn_crops/valid/IMG_5872_jpg.rf.b3cd55b6103aac34df6962b8279b4fc0.jpg,valid,1S32,0.6499,0,DLDD,1,format-invalid,
data/crnn_crops/valid/IMG_7728_jpg.rf.6c567c4175ed493a780b29fae459bd0b.jpg,valid,1241-96,0.6513,0,DDDD-DD,1,format-invalid,1U-4109
data/crnn_crops/train/IMG_9795_jpg.rf.6731e03b51eba23042ea80cc24236858.jpg,train,1E-11,0.6515,0,DL-DD,1,format-invalid,1E-6777
data/crnn_crops/valid/IMG_2687_jpg.rf.4e59881c4dc7da066e4e418bd8a1b4eb.jpg,valid,369072,0.6539,0,DDDDDD,1,format-invalid,1J-6507
data/crnn_crops/valid/IMG_8843_JPG.rf.48c24b37e4530652b673e5e3169fd328.jpg,valid,1-365,0.6539,0,D-DDD,1,format-invalid,1J-3826
data/crnn_crops/train/photo_2022-01-21_13-56-02-1024x768_jpg.rf.c3b4cd6e1d70059a6bc5dff730db5c0a.jpg,train,1G57,0.6553,0,DLDD,1,format-invalid,1G-2254
data/crnn_crops/train/IMG_6937_jpg.rf.1ad88790b14e97620eae3c80760ed0b9.jpg,train,E004004,0.6566,0,LDDDDDD,1,format-invalid,WENVANNA
data/crnn_crops/train/IMG_7035_jpg.rf.d0b7b8d5fd02396eb23d62991302840f.jpg,train,4-029,0.6576,0,D-DDD,1,format-invalid,
data/crnn_crops/train/IMG_7748_jpg.rf.163d2d6ae11f057d21aaa8ee40a9da58.jpg,train,1-189,0.6584,0,D-DDD,1,format-invalid,1AE-7686
data/crnn_crops/train/IMG_8015_jpg.rf.1aeb19fb4a7ab93dade8528982395724.jpg,train,A-169,0.6591,0,L-DDD,1,format-invalid,
data/crnn_crops/train/s-msx-841652168041242411235546-b_jpg.rf.07c2aaab999dcf6e15f5b9c9ca996f09.jpg,train,1J-49,0.6605,0,DL-DD,1,format-invalid,1U-7497
data/crnn_crops/train/IMG_8751_JPG.rf.3b6ce8aee0fd7035323fd545cee33b8e.jpg,train,1-267,0.6608,0,D-DDD,1,format-invalid,1U-7480
data/crnn_crops/train/s-735092-1647435301-62489178-b_jpg.rf.13baa8dc02dea80d62eb6a03717a6246.jpg,train,4444,0.6611,0,DDDD,1,format-invalid,
data/crnn_crops/valid/IMG_8727_JPG.rf.3750892cf0a1509759e0b1ebfa600be2.jpg,valid,13M-899,0.6611,0,DDL-DDD,1,format-invalid,1HN-8954
data/crnn_crops/train/IMG_5638_jpg.rf.c13bdca2edb16e02cb434fcb83b23416.jpg,train,1A-656,0.6625,0,DL-DDD,1,format-invalid,
data/crnn_crops/train/IMG_3434_jpg.rf.bc00db7aa5e5ffcd5e6350c463d0e307.jpg,train,2-31065,0.6643,0,D-DDDDD,1,format-invalid,1AB-6309
data/crnn_crops/valid/IMG_3413_jpg.rf.a05e1bd978951dff88f6ab7e486a9e4b.jpg,valid,-1979,0.6645,0,-DDDD,1,format-invalid,1I-1979
data/crnn_crops/train/IMG_8847_JPG.rf.e8f8c67bc8b8e44eb416e8a152dedea0.jpg,train,A-952,0.666,0,L-DDD,1,format-invalid,1X-9130
data/crnn_crops/train/IMG_8644_JPG.rf.727a99f954397648e74d17276893a86c.jpg,train,1A--73,0.6683,0,DL-DD,1,format-invalid,1X-6714
data/crnn_crops/train/IMG_5120_jpg.rf.8dde476abf715723f132ed23aaad1190.jpg,train,1GS566,0.6684,0,DLLDDD,1,format-invalid,1O-5650
data/crnn_crops/train/IMG_7010_jpg.rf.3524dfbaceff8f477eb45f5146298d9b.jpg,train,2B86,0.6699,0,DLDD,1,format-invalid,1R-8037
data/crnn_crops/train/IMG_6310_jpg.rf.417bc2683b4af4e1eca3047f120c303f.jpg,train,0B-64,0.6702,0,DL-DD,1,format-invalid,
data/crnn_crops/train/s-404314167506003142808036-b-1-_jpg.rf.7d41bda70f1c6064ee1e96b0cf1ccf4f.jpg,train,2B86,0.6709,0,DLDD,1,format-invalid,1R-8037
data/crnn_crops/train/Phnom-Penh-number-plate_25_jpeg.rf.b41acfc7e405dc51bc45ef1dd1925b79.jpg,train,7C-07,0.6711,0,DL-DD,1,format-invalid,LUCKY
data/crnn_crops/train/IMG_9840_jpg.rf.e82454bd89bd64fd5ad9f43c61f8e894.jpg,train,1A-66,0.6721,0,DL-DD,1,format-invalid,1W-1486
data/crnn_crops/train/IMG_8262_jpg.rf.95766f942b54d642398e9c3b6d1cbca7.jpg,train,4E-696,0.6772,0,DL-DDD,1,format-invalid,1AB-0980
data/crnn_crops/valid/IMG_8569_JPG.rf.468a5303f6f46e948a5135388afd14a7.jpg,valid,2-877,0.6785,0,D-DDD,1,format-invalid,1AE-9763
data/crnn_crops/train/IMG_5262_jpg.rf.42a79c4ef17ca27d21739ada2ead30d0.jpg,train,1O-67,0.6861,0,DL-DD,1,format-invalid,1O-8483
data/crnn_crops/valid/khemaradaily-2022-07-15_11-55-03_041144_jpg.rf.962522ec7632ba1d4f2dfa631f72d616.jpg,valid,1O-67,0.6889,0,DL-DD,1,format-invalid,1O-8483
data/crnn_crops/train/IMG_104_jpg.rf.58dedc42bf104dc85c1c197771c8e755.jpg,train,B0089,0.6894,0,LDDDD,1,format-invalid,
data/crnn_crops/train/IMG_5893_jpg.rf.7afd364ef0ec0e732ec708f72cb8a553.jpg,train,17679,0.6924,0,DDDDD,1,format-invalid,1N-3495
data/crnn_crops/valid/ksdskdjlajkfkdslsjsie_jpg.rf.ed1d9e3cb0f7faabd54b42d2c48bf3ad.jpg,valid,2-005,0.6934,0,D-DDD,1,format-invalid,2-0035
data/crnn_crops/valid/IMG_4911_jpg.rf.f04afe4ca5291a6b223529dc7e394325.jpg,valid,4513,0.696,0,DDDD,1,format-invalid,
data/crnn_crops/train/IMG_8652_JPG.rf.65f5ec180c3d17ae28b272ddc536ef23.jpg,train,A-0703,0.6964,0,L-DDDD,1,format-invalid,1E-0103
data/crnn_crops/valid/IMG_2894_jpg.rf.7791cc6afac2dd3e00ef30d045cd6c52.jpg,valid,14Q17,0.6977,0,DDLDD,1,format-invalid,1AO-1292
data/crnn_crops/valid/IMG_9362_jpg.rf.7f232bafbacbd62a088538ada7d88d52.jpg,valid,1F-17,0.6986,0,DL-DD,1,format-invalid,1E-1029
data/crnn_crops/valid/IMG_8745_jpg.rf.94c46d6b9caa3b39df9e9fc0d0e56199.jpg,valid,10-1756,0.6997,0,DD-DDDD,1,format-invalid,
data/crnn_crops/train/IMG_8456_jpg.rf.a0607b56505c0161fe9d36eb79a3f9d9.jpg,train,M-699,0.7014,0,L-DDD,1,format-invalid,MSAM99
data/crnn_crops/valid/22032128_jpg.rf.7ab6644ef19ec06777359235a139ecbc.jpg,valid,3-023,0.7015,0,D-DDD,1,format-invalid,
data/crnn_crops/valid/22296670_jpg.rf.6b3263183adf881d6548bc7ae12c958b.jpg,valid,2-812,0.7018,0,D-DDD,1,format-invalid,2-1842
data/crnn_crops/train/735092-1647435301-62489178-b_jpg.rf.58e7cb43087ef04d5495228f5cb3dab0.jpg,train,4444,0.7024,0,DDDD,1,format-invalid,
data/crnn_crops/train/IMG_20221106_090747_187_jpg.rf.f1845d97cdadf5019ec5f6d0fdd1a2aa.jpg,train,2C4878,0.7029,0,DLDDDD,1,format-invalid,1E-4879
data/crnn_crops/train/IMG_4892_jpg.rf.32d472b6b9b8736cc9671851602aafe8.jpg,train,2C4878,0.7029,0,DLDDDD,1,format-invalid,1E-4879
data/crnn_crops/train/IMG_4585_jpg.rf.539adc1279b9cdcfb7aead54ee799f91.jpg,train,4444,0.7049,0,DDDD,1,format-invalid,
data/crnn_crops/valid/ef4f59a3-a952-4eb8-94f7-99450d690148_jpg.rf.886b2f0c0942861b7523609f6bae9033.jpg,valid,A-096,0.7064,0,L-DDD,1,format-invalid,
data/crnn_crops/train/5-D74947-D-40-A7-4-FFD-AE0-B-B86-F8-EB60180_jpg.rf.6dde4ddfd80033bd432aec14900e350b.jpg,train,9A07Y9,0.7091,0,DLDDLD,1,format-invalid,
data/crnn_crops/valid/IMG_d2270_JPG.rf.55c0a0d56707beef5e60edea47ce92fd.jpg,valid,26S-7665,0.7093,0,DDL-DDDD,1,format-invalid,2C-4089
data/crnn_crops/train/IMG_6433_jpg.rf.1981657f0ecccc78ae62de1feba27da7.jpg,train,1-653,0.7097,0,D-DDD,1,format-invalid,1L-6569
data/crnn_crops/train/IMG_8655_JPG.rf.e2045ee7a6e5c7db7238d5d46ae599fd.jpg,train,21526,0.7128,0,DDDDD,1,format-invalid,
data/crnn_crops/train/IMG_5275_jpg.rf.ec564a891415b0a749f14429e85f3872.jpg,train,CJEA-106,0.7136,0,LLLL-DDD,1,format-invalid,
data/crnn_crops/train/IMG_5445_jpg.rf.33c85910f96f6ae92bc6ad45b4b6e865.jpg,train,2699,0.7145,0,DDDD,1,format-invalid,2BE-9897
data/crnn_crops/train/IMG_9901_jpg.rf.84ff7c7edd032ce1410b8b68bfca4cb4.jpg,train,0000,0.7168,0,DDDD,1,format-invalid,
data/crnn_crops/train/IMG_8611_JPG.rf.ba8e8ae9eeb4387e908f83cf760c8af8.jpg,train,21G-97,0.7175,0,DDL-DD,1,format-invalid,1W-2629
data/crnn_crops/train/IMG_5164_jpg.rf.53fffb94b3df0691b9ff4d8c61e17f1b.jpg,train,36777,0.718,0,DDDDD,1,format-invalid,
data/crnn_crops/valid/Phnom-Penh-number-plate_14_jpeg.rf.39af9b561708ee1601e9d879d4f50bff.jpg,valid,2-258,0.7182,0,D-DDD,1,format-invalid,2-2588
data/crnn_crops/valid/IMG_3362_jpg.rf.9c99cd3fe5b7c38095d4178b24a3f0ad.jpg,valid,1J-130,0.7186,0,DL-DDD,1,format-invalid,1V-2520
data/crnn_crops/valid/c53a0507-57d8-430c-ab23-9a3642940228_jpg.rf.b9dd2a1eeeefe01544c9134c184515a6.jpg,valid,A-246,0.7188,0,L-DDD,1,format-invalid,
data/crnn_crops/train/IMG_7260_jpg.rf.054684bc6bffcabeecb651dac5a55d3e.jpg,train,13-279,0.7201,0,DD-DDD,1,format-invalid,
data/crnn_crops/train/Kampong-Cham-number-plate_18_jpeg.rf.267f50752460b22ee645836d9553e56e.jpg,train,CJEA-106,0.7204,0,LLLL-DDD,1,format-invalid,
data/crnn_crops/valid/100056a114_jpg.rf.5a274e7e057c5fceef537db5739c5caf.jpg,valid,2-962,0.7204,0,D-DDD,1,format-invalid,2-4532
data/crnn_crops/valid/22033127_jpg.rf.1f49ebad3d6ebae28300c04ff999dbd5.jpg,valid,10199,0.7205,0,DDDDD,1,format-invalid,
data/crnn_crops/valid/021795a7-c323-4548-84bc-f7386fc1d15b_jpg.rf.9e4f9bc43e0abf58b79a6b1f98068ce5.jpg,valid,--0055,0.7213,0,-DDDD,1,format-invalid,
data/crnn_crops/train/IMG_5272_jpg.rf.f55d1a72638fdfd1d500398906562c12.jpg,train,1-013,0.7214,0,D-DDD,1,format-invalid,1J-6913
data/crnn_crops/valid/22319421_jpg.rf.92dcf47c490b3a72dcc830a1017056ff.jpg,valid,-0325,0.7223,0,-DDDD,1,format-invalid,2-0325
data/crnn_crops/train/images-2-_jpg.rf.bbb230fe35290849183cf741c247b819.jpg,train,1-013,0.7224,0,D-DDD,1,format-invalid,1J-6913
data/crnn_crops/train/postnews-com-kh-2021-12-16_12-30-12_jpg.rf.a561a12e02dc22157aa2338d1944baba.jpg,train,4A32887,0.7282,0,DLDDDDD,1,format-invalid,1I-5289
data/crnn_crops/train/Kampong-Cham-number-plate_28_jpeg.rf.ac5bdfde09c7485db30f8893970fc4e9.jpg,train,S7065,0.7283,0,LDDDD,1,format-invalid,SINGLE
data/crnn_crops/train/b7da69b4-816d-41ea-86ee-1a200effec2c_jpg.rf.381063e54e0747fdfb8b936bc5fee258.jpg,train,A-086,0.7294,0,L-DDD,1,format-invalid,
data/crnn_crops/train/IMG_7970_jpg.rf.6ee11797ef5460287abad7bfc1bd4b84.jpg,train,12-4258,0.7301,0,DD-DDDD,1,format-invalid,1S-4258
data/crnn_crops/valid/22720976_jpg.rf.83cb16c0b6ea971b17bb84547b71c210.jpg,valid,2-007,0.7305,0,D-DDD,1,format-invalid,
data/crnn_crops/train/IMG_8554_JPG.rf.48a37ea525e087684b592df75c738e91.jpg,train,2--75757,0.731,0,D-DDDDD,1,format-invalid,1I-2325
data/crnn_crops/train/IMG_6229_jpg.rf.4885f96ea219fed10dd4ac75f5f67e4b.jpg,train,40427,0.7313,0,DDDDD,1,format-invalid,
data/crnn_crops/valid/22032467_jpg.rf.0b758ff64f068afb8671754e7d124c80.jpg,valid,2-052,0.7337,0,D-DDD,1,format-invalid,
data/crnn_crops/train/Screenshot-2023-05-31-143536_png.rf.7dd356e60519c6390db2ea6a36061a4c.jpg,train,2A-68227,0.7351,0,DL-DDDDD,1,format-invalid,2A-9222
data/crnn_crops/train/IMG_4927_jpg.rf.a0c5ea07d0d521fd00db0bc81771753e.jpg,train,-0B998,0.7356,0,-DLDDD,1,format-invalid,
data/crnn_crops/train/IMG_2835_jpg.rf.eb9c5dad03c55076c6f88988d8af8f50.jpg,train,4A-954,0.7371,0,DL-DDD,1,format-invalid,1M-3324
data/crnn_crops/valid/IMG_8782_JPG.rf.5852d2b7583963c2f24685da5d4d9d4b.jpg,valid,2O-25457,0.7385,0,DL-DDDDD,1,format-invalid,1U-4545
data/crnn_crops/train/IMG_9699_jpg.rf.74e777f1b2f28e9ac1d6c4eb8d0f1695.jpg,train,1E-256,0.7398,0,DL-DDD,1,format-invalid,1E-2560
data/crnn_crops/valid/photo_2023-05-31_16-47-36_jpg.rf.e0c5d9632564bf0e73824ccefa1a85c4.jpg,valid,1E-256,0.7398,0,DL-DDD,1,format-invalid,1E-2560
data/crnn_crops/train/IMG_8545_JPG.rf.dc1d2fee0b7f2e6d40d83156f2ea42ee.jpg,train,1C-567,0.7432,0,DL-DDD,1,format-invalid,1O-5698
data/crnn_crops/train/IMG_6403_jpg.rf.3136c7c50fa6fb2611e94ff63ff4b80c.jpg,train,54NR14,0.7457,0,DDLLDD,1,format-invalid,VANNRIYA
data/crnn_crops/valid/IMG_8818_JPG.rf.ccf1b6825f820e88544d75dccc40be87.jpg,valid,1-507,0.7463,0,D-DDD,1,format-invalid,1V-3029
data/crnn_crops/train/IMG_8754_JPG.rf.eab43947045f95627ff962767726797a.jpg,train,1A-42257,0.7471,0,DL-DDDDD,1,format-invalid,1K-4775
data/crnn_crops/valid/ea6c8cd2-b36e-4e00-b246-838871506dbe_jpg.rf.304afe02bf3518d3deeaf0f27358b144.jpg,valid,-0059,0.7485,0,-DDDD,1,format-invalid,
data/crnn_crops/train/IMG_3650_jpg.rf.32e2b902b8a5518159d7a404de0db5a6.jpg,train,14B-0454,0.7493,0,DDL-DDDD,1,format-invalid,
data/crnn_crops/valid/IMG_3116_jpg.rf.b9c74b453471abedb5165ac983cff06c.jpg,valid,1G254,0.7494,0,DLDDD,1,format-invalid,1G-2254
data/crnn_crops/train/photo_2022-01-21_13-56-02-1024x768_jpg.rf.0afabb09a1415630c46994e770a79a5b.jpg,train,1G254,0.7496,0,DLDDD,1,format-invalid,1G-2254
data/crnn_crops/train/e1a2265a-0377-486b-ad26-e0db02c487d7_jpg.rf.d6f590a228bbe691d9ad33cc34cfcb5e.jpg,train,-1166,0.7502,0,-DDDD,1,format-invalid,2-1166
data/crnn_crops/train/IMG_8912_jpg.rf.2a06019e9193c7169c1727764b385f6a.jpg,train,13C576,0.7517,0,DDLDDD,1,format-invalid,
data/crnn_crops/train/IMG_6200_jpg.rf.2fded487253d46b81659fba74e70bb45.jpg,train,6A72,0.7523,0,DLDD,1,format-invalid,
data/crnn_crops/valid/901ff9eb-613f-4d9a-8e8b-dde042871051_jpg.rf.e8b32cf36b3b22b563001958fa2e89d0.jpg,valid,4-005,0.7529,0,D-DDD,1,format-invalid,4-0051
data/crnn_crops/train/e1e6fbde-c99a-467e-9b8a-57d142615d43_jpg.rf.2d24bf60628ad26fb8a4ccccff1dd552.jpg,train,4-000,0.7543,0,D-DDD,1,format-invalid,4-0003
data/crnn_crops/train/IMG_6536_jpg.rf.2c94d8ad23ca592c109e421177b13311.jpg,train,24799,0.7547,0,DDDDD,1,format-invalid,
data/crnn_crops/train/23114097_jpg.rf.ce1d045766568573e7a7a65b95037b7c.jpg,train,A48689,0.7569,0,LDDDDD,1,format-invalid,
data/crnn_crops/valid/22032249_jpg.rf.aedce9247e50afb418b95a29890a52a8.jpg,valid,3-013,0.7581,0,D-DDD,1,format-invalid,
data/crnn_crops/train/IMG_8853_JPG.rf.0606133a57511aaf36a62688c6aa8bde.jpg,train,1A-33527,0.7601,0,DL-DDDDD,1,format-invalid,1M-5535
data/crnn_crops/train/IMG_8873_JPG.rf.9f149bcc2162e5fee34b8c0cc1a22b7d.jpg,train,13635,0.7605,0,DDDDD,1,format-invalid,1V-0625
data/crnn_crops/train/IMG_4455_jpg.rf.40aa0e073433da3bc572dd8c9b47f1af.jpg,train,12-9773,0.7619,0,DD-DDDD,1,format-invalid,1I-8771
data/crnn_crops/train/46957c89-0afc-4697-ad01-864b0cc36e56_jpg.rf.843ab84bb9eae42c3864b403c49cf766.jpg,train,4A-716,0.7621,0,DL-DDD,1,format-invalid,
data/crnn_crops/train/IMG_8277_jpg.rf.885e19077ccdd27a925b60ddaeaca871.jpg,train,265666,0.7624,0,DDDDDD,1,format-invalid,1G-5880
data/crnn_crops/train/f7f2e3-2_jpg.rf.9b3b1b9f7f5d78fea961dade3763f1b1.jpg,train,44A799,0.7626,0,DDLDDD,1,format-invalid,AMATAK99
data/crnn_crops/train/IMG_8748_JPG.rf.14f4ae48cb2cacf79d54a96aec605a82.jpg,train,14M-676,0.7637,0,DDL-DDD,1,format-invalid,1AJ-4988
data/crnn_crops/train/E4-B60289-D703-4745-852-B-F39-EBFEFB99-A_jpg.rf.d1b854a71e8c5ea8e721ebb5fec47780.jpg,train,90D00,0.7667,0,DDLDD,1,format-invalid,
data/crnn_crops/train/IMG_5804_jpg.rf.96ec64b9c92bcb8cfd43d29b800caf57.jpg,train,90D00,0.7667,0,DDLDD,1,format-invalid,
data/crnn_crops/train/IMG_3811_jpg.rf.edeaac0b6f210bb9e7f627dc30abb3d8.jpg,train,R-6894,0.7674,0,L-DDDD,1,format-invalid,MRSOKHA
data/crnn_crops/train/IMG_5907_jpg.rf.1000f3a965b2b18e478335fdbcbde86d.jpg,train,1-930,0.7685,0,D-DDD,1,format-invalid,1L-9030
data/crnn_crops/valid/1000b05ca2_jpg.rf.be6b0fc598b6017b5ea47a2c913e28c9.jpg,valid,2-908,0.7691,0,D-DDD,1,format-invalid,2-0384
data/crnn_crops/train/IMG_5545_jpg.rf.d2ca78cdee54420bdedfc6fee55adc3d.jpg,train,26-3633,0.7695,0,DD-DDDD,1,format-invalid,
data/crnn_crops/train/IMG_4520_jpg.rf.bfbaad608e2e94dec1036a578a6fa532.jpg,train,463383,0.7719,0,DDDDDD,1,format-invalid,
data/crnn_crops/valid/Siem-Reap-number-plate_12_jpeg.rf.60851f1fba104c687bd7f77ac3efaf0f.jpg,valid,CMEA-1N6,0.7725,0,LLLL-DLD,1,format-invalid,
data/crnn_crops/valid/24167651_jpg.rf.a4dc0b1adc75f20f8a16ad289a25018d.jpg,valid,-0666,0.7739,0,-DDDD,1,format-invalid,
data/crnn_crops/train/Ratanak-Kiri-number-plate_8_jpeg.rf.bf24f1e81f31c9ea214229482c2d4fbb.jpg,train,1S-44,0.774,0,DL-DD,1,format-invalid,
data/crnn_crops/train/IMG_100_jpg.rf.af65baeaa439a66090f6fc6b0b62c23a.jpg,train,4R-654,0.7749,0,DL-DDD,1,format-invalid,MRSELLA
data/crnn_crops/train/IMG_9549_jpg.rf.c28643329104940e4b3cb6a33e5ad5e8.jpg,train,32-965,0.7752,0,DD-DDD,1,format-invalid,
data/crnn_crops/valid/IMG_2734_jpg.rf.34624816a3971a3cf64999b93d19b956.jpg,valid,8A07Y9,0.7774,0,DLDDLD,1,format-invalid,
data/crnn_crops/train/4bb6b881-9d5b-4ac6-a47e-90a668b1ab49_jpg.rf.ced76e2ff2bf9d77e194f06dedaa177d.jpg,train,4-002,0.7801,0,D-DDD,1,format-invalid,4-0062
data/crnn_crops/train/IMG_4592_jpg.rf.2ed3834b3df0d4ecab9abb1b8fb610ca.jpg,train,A-54794,0.7805,0,L-DDDDD,1,format-invalid,LARATHA
data/crnn_crops/train/postnews-com-kh-2022-09-09_15-53-27_jpg.rf.db16296d844b000785756fd51755d7e6.jpg,train,2-339,0.7822,0,D-DDD,1,format-invalid,2-3394
data/crnn_crops/train/89161-AF0-AB89-4-AB6-84-A6-2-FC1-AD77-A0-B6_jpg.rf.da03cb13ccc284f456fde7d341f6907e.jpg,train,4R-654,0.7836,0,DL-DDD,1,format-invalid,MRSELLA
data/crnn_crops/valid/IMG_d9897_JPG.rf.9c17c4b1e681a8f78ad42fd0c45282a9.jpg,valid,3365,0.7846,0,DDDD,1,format-invalid,1-3365
data/crnn_crops/train/IMG_6346_jpg.rf.e3e7157a0674c22e3f0e770ea4eaa01a.jpg,train,2007889,0.7849,0,DDDDDDD,1,format-invalid,
data/crnn_crops/train/24428690_jpg.rf.2ead0e84f7fe595708646d58ca2df8b3.jpg,train,2-61171,0.7852,0,D-DDDDD,1,format-invalid,2-4777
data/crnn_crops/train/IMG_d1787_JPG.rf.638acb30a9ac214c0fc3e6d80035e479.jpg,train,2-G-65651,0.7852,0,D-L-DDDDD,1,format-invalid,2C-6303
data/crnn_crops/train/IMG_6094_jpg.rf.8ee1fd780879bec34e069b1729a3bcfc.jpg,train,666689,0.7857,0,DDDDDD,1,format-invalid,
data/crnn_crops/train/IMG_5226_jpg.rf.e0895cc3fcbb4cc6be2151dc06443804.jpg,train,1AE-I7704,0.7863,0,DLL-LDDDD,1,format-invalid,1AE-7704
data/crnn_crops/train/IMG_5390_jpg.rf.e4b7f941f910b3daee3fca195df7fdf1.jpg,train,B5799,0.7878,0,LDDDD,1,format-invalid,2B-5799
data/crnn_crops/train/IMG_3943_jpg.rf.4c511708e8992a3fd5cbece8ea7f6795.jpg,train,2717,0.7904,0,DDDD,1,format-invalid,
data/crnn_crops/train/IMG_8487_JPG.rf.0122de022a45f26ce78bf3893288b021.jpg,train,34836,0.7906,0,DDDDD,1,format-invalid,
data/crnn_crops/train/unnamed-1-15-1024fghjx768_jpg.rf.20b29f0b51ccbded5d1bfc580998a8a5.jpg,train,1A-83753,0.7917,0,DL-DDDDD,1,format-invalid,1A-8373
data/crnn_crops/train/IMG_6864_jpg.rf.59fecdd931a0ede95e3ad72edfc2b230.jpg,train,14N94585,0.7928,0,DDLDDDDD,1,format-invalid,KANHA585
data/crnn_crops/train/IMG_8778_JPG.rf.360977a514509c5d0c0c237b10e054c2.jpg,train,162277,0.7936,0,DDDDDD,1,format-invalid,1B-2277
data/crnn_crops/train/da1a102e-52a0-465c-9076-b97bc97a9fcc_jpg.rf.a41b75c915922f8f768a3b62be0a7a5b.jpg,train,-0059,0.7948,0,-DDDD,1,format-invalid,
data/crnn_crops/train/IMG_8302_jpg.rf.36ae2f6bfb829835f28c247f4f1078ad.jpg,train,09A8606,0.7967,0,DDLDDDD,1,format-invalid,CHAOSENG
data/crnn_crops/train/IMG_5610_jpg.rf.6781c073197fdc712cafe4184d0378b3.jpg,train,20497,0.7981,0,DDDDD,1,format-invalid,
data/crnn_crops/train/IMG_9419_jpg.rf.c2829723546cd50cc1c506628960cf89.jpg,train,80P1616,0.7988,0,DDLDDDD,1,format-invalid,
data/crnn_crops/valid/IMG_5930_jpg.rf.e22b38d106421955d5926da32722ea82.jpg,valid,2L-763,0.7995,0,DL-DDD,1,format-invalid,2BL-7638
data/crnn_crops/valid/E4-B60289-D703-4745-852-B-F39-EBFEFB99-A_jpg.rf.30b9b8d96a3922a0bf568bc20f6f858c.jpg,valid,90D00,0.8013,0,DDLDD,1,format-invalid,
data/crnn_crops/train/IMG_3288_jpg.rf.f4d3dc517d707af8f12f6508538f7750.jpg,train,1F-702,0.8023,0,DL-DDD,1,format-invalid,1S-9971
data/crnn_crops/train/IMG_8022_jpg.rf.2dd16f7fc93340ca45f98f8d7354cec1.jpg,train,43-316,0.8027,0,DD-DDD,1,format-invalid,
data/crnn_crops/train/IMG_8819_JPG.rf.def00ed617be739104358cbc718c1872.jpg,train,1L-2-3894,0.803,0,DL-D-DDDD,1,format-invalid,1L-7384
data/crnn_crops/train/Kampong-Speu-number-plate_5_jpeg.rf.43d7256c71ab351a7430071f53ca1e7c.jpg,train,2A1G-1336,0.8057,0,DLDL-DDDD,1,format-invalid,
data/crnn_crops/train/IMG_8535_JPG.rf.625d08adc6d3f1b193cc29f3c9d472a4.jpg,train,17-2225,0.8062,0,DD-DDDD,1,format-invalid,1J-7725
data/crnn_crops/train/-620567168453674543793180-b_jpg.rf.1750412847389878553c4d51e545928e.jpg,train,2A4444,0.8063,0,DLDDDD,1,format-invalid,
data/crnn_crops/train/IMG_1091_jpg.rf.6e8df19ae8e3ebffea6c1d0aae1d36e5.jpg,train,1C--058,0.8068,0,DL-DDD,1,format-invalid,1L-4058
data/crnn_crops/train/IMG_3091_jpg.rf.be1a6564831d1147ee64069f2d81650d.jpg,train,1M6-8888,0.8079,0,DLD-DDDD,1,format-invalid,
data/crnn_crops/valid/IMG_3985_jpg.rf.e18def701fc100b876af448d2f293a5a.jpg,valid,31J-64469,0.8085,0,DDL-DDDDD,1,format-invalid,
data/crnn_crops/valid/postnews-com-kh-2021-12-16_12-30-12_jpg.rf.f6ed637bb4ae2a2654adf39d9a49c106.jpg,valid,A6287,0.8085,0,LDDDD,1,format-invalid,1I-5289
data/crnn_crops/train/IMG_3099_jpg.rf.f0d27c443d700dc176134498bb6ec23b.jpg,train,4-67899,0.8109,0,D-DDDDD,1,format-invalid,
data/crnn_crops/train/1-29-1024x768_jpg.rf.98a00d57c53feb554f19d43ad9ad966b.jpg,train,M-64M99,0.8146,0,L-DDLDD,1,format-invalid,MSAM99
data/crnn_crops/train/-16500-243357168077499224231079-b_jpg.rf.8166d4488286874103e0421842d546c2.jpg,train,177332,0.8147,0,DDDDDD,1,format-invalid,
data/crnn_crops/train/IMG_6017_jpg.rf.288f286b46227ecf7fafd6ee0b19750a.jpg,train,2D-828,0.8152,0,DL-DDD,1,format-invalid,
data/crnn_crops/train/IMG_9330_jpg.rf.e3cbf5ecbbbd9e65d4243c2385355f5b.jpg,train,1728982,0.8169,0,DDDDDDD,1,format-invalid,1T-8982
data/crnn_crops/valid/59b24e3e-6bdc-4d3e-a5c8-ce6c9b210b75_jpg.rf.576fb47f3ff392be6097697a0d8dd91b.jpg,valid,3A-296,0.819,0,DL-DDD,1,format-invalid,
data/crnn_crops/train/IMG_5474_jpg.rf.8f3d67437b027e7a172405ce57f42854.jpg,train,20R733,0.8197,0,DDLDDD,1,format-invalid,KUNTHY33
data/crnn_crops/valid/IMG_8542_JPG.rf.c527399bf26b88788bbc86034889bb4e.jpg,valid,A-4560,0.8201,0,L-DDDD,1,format-invalid,1IT-4560
data/crnn_crops/train/IMG_d9929_JPG.rf.6722a7b87b22eff5e7e77dc75aa446f9.jpg,train,23-688,0.8222,0,DD-DDD,1,format-invalid,1J-5298
data/crnn_crops/valid/IMG_6529_jpg.rf.caae8f9a0a49d155f94744d8508b5bc6.jpg,valid,1C8S72,0.8228,0,DLDLDD,1,format-invalid,1K-8572
data/crnn_crops/train/Banteay-Meanchey-number-plate_17_jpeg.rf.0c3f085a770c83ef7781094102c50840.jpg,train,21605,0.8232,0,DDDDD,1,format-invalid,
data/crnn_crops/valid/Stung-Treng-number-plate_30_jpeg.rf.bf8448a7d45bc905ea3da70a62f3858b.jpg,valid,25E3565,0.8234,0,DDLDDDD,1,format-invalid,2BE-3560
data/crnn_crops/train/IMG_5723_jpg.rf.2f13738b85a79909ba516a16c580780d.jpg,train,133236,0.8237,0,DDDDDD,1,format-invalid,1A-3235
data/crnn_crops/train/images-6-_jpg.rf.c41dfac916c83e42da37f71f459d6fb8.jpg,train,1A0463,0.8243,0,DLDDDD,1,format-invalid,
data/crnn_crops/valid/images-8-_jpg.rf.1710ccc44446a3d9d2bdd2b06bc4a0e8.jpg,valid,08119,0.8243,0,DDDDD,1,format-invalid,COVI19
data/crnn_crops/train/IMG_9541_jpg.rf.a6943999ef38c62d2890ed296722ab9f.jpg,train,26A-9660,0.825,0,DDL-DDDD,1,format-invalid,2BM-9880
data/crnn_crops/valid/IMG_8725_JPG.rf.c08de678a0e175cce90840a504d123f9.jpg,valid,85A3689,0.828,0,DDLDDDD,1,format-invalid,
data/crnn_crops/train/photo_2023-05-31_16-46-11_jpg.rf.9ae1067dd8f0952acb19dc454f63a362.jpg,train,1-98009,0.8282,0,D-DDDDD,1,format-invalid,1E-5809
data/crnn_crops/train/IMG_3668_jpg.rf.9c6977e6df20a2703397fb3d68e51d92.jpg,train,2B-78688,0.8287,0,DL-DDDDD,1,format-invalid,
data/crnn_crops/train/198940090_879101789344122_919422956334000210_n_jpg.rf.284a7db6bd9eb817ca25c80d4719f8a3.jpg,train,15995,0.8291,0,DDDDD,1,format-invalid,
data/crnn_crops/train/IMG_8571_JPG.rf.401506698b70bd7cb87bfd9840a1030d.jpg,train,1B-210,0.8298,0,DL-DDD,1,format-invalid,1R-6270
data/crnn_crops/valid/IMG_6794_jpg.rf.e38c85c0a868f8b6d722f4212101cdbb.jpg,valid,2B9-4912,0.8315,0,DLD-DDDD,1,format-invalid,2BW-4912
data/crnn_crops/train/photo_2023-05-31_16-46-58_jpg.rf.e5986a9570df31da530bc0ee4b1f478e.jpg,train,71C7705,0.8323,0,DDLDDDD,1,format-invalid,1D-7705
data/crnn_crops/train/ksksksksksk_jpg.rf.05042400c74662bedeb7b271e734b8ca.jpg,train,4R6E4,0.8351,0,DLDLD,1,format-invalid,MRSELLA
data/crnn_crops/train/IMG_5945_jpg.rf.132f2ec332ba4cd6602de853d57ce6c3.jpg,train,56A-676,0.8352,0,DDL-DDD,1,format-invalid,
data/crnn_crops/train/IMG_3756_jpg.rf.ca826c2006bfbe034fd2198ff184d6d8.jpg,train,4RC2007,0.8361,0,DLLDDDD,1,format-invalid,
data/crnn_crops/train/IMG_6639_jpg.rf.8880fa59aaf9a9f9cf0f8a6188259d99.jpg,train,A-95666,0.8375,0,L-DDDDD,1,format-invalid,1X-3366
data/crnn_crops/valid/IMG_7069_jpg.rf.83d468e7f701d0cb1b5320a67a17ff70.jpg,valid,2G-795,0.8393,0,DL-DDD,1,format-invalid,
data/crnn_crops/train/IMG_5780_jpg.rf.e617db46c1a41117073c7c270b06fe15.jpg,train,17460,0.8428,0,DDDDD,1,format-invalid,1A-7460
data/crnn_crops/train/IMG_8327_jpg.rf.bd7e682368cf06a0fa451e06e64be608.jpg,train,60699,0.8428,0,DDDDD,1,format-invalid,
data/crnn_crops/train/IMG_5441_jpg.rf.5a612d44b479d34231de1b4cfd35fb33.jpg,train,1W1737,0.8442,0,DLDDDD,1,format-invalid,1K-1737
data/crnn_crops/train/IMG_1025_jpg.rf.dbebcd04818d52d07e314f481085ad82.jpg,train,3H-361,0.8449,0,DL-DDD,1,format-invalid,
data/crnn_crops/train/Screenshot-2023-05-30-162845_png.rf.fa312ce4e1dc2778917e5567f1361cf0.jpg,train,2A-161,0.8491,0,DL-DDD,1,format-invalid,2A-1161
data/crnn_crops/train/IMG_8887_jpg.rf.a816b293db5716a92a34092c05a72032.jpg,train,10X-0411,0.8598,0,DDL-DDDD,1,format-invalid,1HZ-0411
data/crnn_crops/valid/IMG_6790_jpg.rf.1a9145ffe560704c32955c0bc5162351.jpg,valid,1S8958,0.8602,0,DLDDDD,1,format-invalid,1S-9958
data/crnn_crops/valid/Kratie-number-plate_26_jpeg.rf.eb20cec2265c568751ed86ec12ac6b54.jpg,valid,3A31136,0.8621,0,DLDDDDD,1,format-invalid,3A-1136
data/crnn_crops/train/IMG_8706_jpg.rf.3cac1fb95169cf8cc7cc97cacccc160e.jpg,train,A-38889,0.8627,0,L-DDDDD,1,format-invalid,
data/crnn_crops/train/Kampong-Thom-number-plate_17_jpeg.rf.c53c310cfe21415836d14dee1b840e6d.jpg,train,A-2529,0.863,0,L-DDDD,1,format-invalid,
data/crnn_crops/train/IMG_1006_jpg.rf.3ec9dbe6aa9d98a6a3e073bb2bb32acc.jpg,train,D-D-1611,0.8631,0,L-L-DDDD,1,format-invalid,
data/crnn_crops/valid/IMG_9492_jpg.rf.eeec0e1efc9dc1b4aea9474bb20b54f2.jpg,valid,2BA-888,0.8636,0,DLL-DDD,1,format-invalid,
data/crnn_crops/valid/26070430_jpg.rf.6678ff8bf8daf9b972f07f6a6a256670.jpg,valid,2-08669,0.8637,0,D-DDDDD,1,format-invalid,
data/crnn_crops/train/IMG_8529_JPG.rf.9c19eb77cc3a64cd242bb9f55298321c.jpg,train,1G-65895,0.8682,0,DL-DDDDD,1,format-invalid,
data/crnn_crops/train/4805a1db-1dfd-4e3c-8d8c-b5e60f901b73_jpg.rf.94522a519b17f2824379921685006f63.jpg,train,A-0891,0.8689,0,L-DDDD,1,format-invalid,
data/crnn_crops/train/a_car_with_personalised_number_plates_parked_in_phnom_penh-_heng_chivoan_jpg.rf.b76114e27bebd79d0d00d4d0c6ee5f38.jpg,train,D-D-1611,0.8692,0,L-L-DDDD,1,format-invalid,
data/crnn_crops/valid/IMG_5661_jpg.rf.471c82ecf3dc62286baf5255de0d9853.jpg,valid,2466091,0.8692,0,DDDDDDD,1,format-invalid,
data/crnn_crops/train/Tboung-Khmum-number-plate_12_jpeg.rf.2641bef32da788f3b8bf6e44696012ee.jpg,train,28G-7668,0.8701,0,DDL-DDDD,1,format-invalid,
data/crnn_crops/valid/Screenshot-2023-05-30-162404_png.rf.cd53d1bca66797be31517af0ce1541eb.jpg,valid,1A1449,0.8703,0,DLDDDD,1,format-invalid,
data/crnn_crops/train/IMG_9430_jpg.rf.2fffa8bcfc1a2e1f0646d354a48f4074.jpg,train,1C0-6672,0.8714,0,DLD-DDDD,1,format-invalid,
data/crnn_crops/valid/IMG_3838_jpg.rf.8ca5ac1167ce08d235383a88a46602e3.jpg,valid,1B9797,0.8715,0,DLDDDD,1,format-invalid,
data/crnn_crops/train/IMG_8772_JPG.rf.92bae29c2f2c160805e02bb393776f47.jpg,train,2H-42068,0.8724,0,DL-DDDDD,1,format-invalid,
data/crnn_crops/train/IMG_7874_jpg.rf.c550e319a027e53db577e3bbfbcc4888.jpg,train,22688598,0.8729,0,DDDDDDDD,1,format-invalid,
data/crnn_crops/train/Prey-Veng-number-plate_30_jpeg.rf.052fe42f505d9336685b6c6119245622.jpg,train,1C0-6672,0.8732,0,DLD-DDDD,1,format-invalid,
data/crnn_crops/train/IMG_2592_jpg.rf.aebe17d552401c9684017c1cff882c61.jpg,train,2G-244,0.8755,0,DL-DDD,1,format-invalid,
data/crnn_crops/valid/Kratie-number-plate_18_jpeg.rf.79f9b6943544b08f9c067b817dadd532.jpg,valid,2A-266,0.8768,0,DL-DDD,1,format-invalid,
data/crnn_crops/train/IMG_7875_jpg.rf.1680e566f6ddbfd24dec5c3e89bd994d.jpg,train,14Q-8667,0.8769,0,DDL-DDDD,1,format-invalid,
data/crnn_crops/train/IMG_8265_jpg.rf.c3383df0a00cbc9a2d143872f0df5bac.jpg,train,1G-733,0.8769,0,DL-DDD,1,format-invalid,
data/crnn_crops/train/IMG_5960_jpg.rf.6cf6a71d780dc89e322bd40278ccf492.jpg,train,1G1688,0.8784,0,DLDDDD,1,format-invalid,
data/crnn_crops/valid/IMG_3189_jpg.rf.1fc6ce82b0c61ee0f00f2882e07e34f3.jpg,valid,1J2566,0.8792,0,DLDDDD,1,format-invalid,
data/crnn_crops/train/IMG_8888_JPG.rf.84caba816ba5a44d1a5093e00ad6798a.jpg,train,C-301099,0.8815,0,L-DDDDDD,1,format-invalid,
data/crnn_crops/valid/IMG_6357_jpg.rf.5bec0be8951b87aaaff23dc55b9ad8ae.jpg,valid,34565675,0.8829,0,DDDDDDDD,1,format-invalid,
data/crnn_crops/valid/IMG_6263_jpg.rf.c0701a5af72e1391f9cc4ff1145eb136.jpg,valid,26A0499,0.8835,0,DDLDDDD,1,format-invalid,
data/crnn_crops/train/IMG_4375_jpg.rf.882ab577d11872e53f62052608f8483b.jpg,train,1A3927,0.8836,0,DLDDDD,1,format-invalid,
data/crnn_crops/valid/IMG_7501_jpg.rf.ab744f33996017a2813cc0c505e6c087.jpg,valid,29A-6858,0.8844,0,DDL-DDDD,1,format-invalid,
data/crnn_crops/valid/IMG_4150_jpg.rf.59db377321454ac23084a8b32efd61cf.jpg,valid,29G-6887,0.8849,0,DDL-DDDD,1,format-invalid,
data/crnn_crops/valid/IMG_6569_jpg.rf.7841ff6f8739ed42552ed7f576c974fb.jpg,valid,23K-7468,0.8862,0,DDL-DDDD,1,format-invalid,
data/crnn_crops/train/kfajtijdkfngerjfd_jpg.rf.2d41e2ae776d9f7432ae8bec372dae96.jpg,train,287013,0.8864,0,DDDDDD,1,format-invalid,
data/crnn_crops/valid/IMG_9410_jpg.rf.5907efb16f600f0220fe8b062832c39e.jpg,valid,25099,0.8873,0,DDDDD,1,format-invalid,
data/crnn_crops/train/IMG_9244_jpg.rf.39b2de636c8caf6a861318bd3b456c83.jpg,train,3A-291,0.8885,0,DL-DDD,1,format-invalid,
data/crnn_crops/valid/IMG_7535_jpg.rf.d59c96506e2389a1b46d0e126638bb38.jpg,valid,2B0-2578,0.8891,0,DLD-DDDD,1,format-invalid,
data/crnn_crops/train/IMG_108_jpg.rf.10d497f8122153b2cd5b2ac48ed8b4ab.jpg,train,3A-315,0.8894,0,DL-DDD,1,format-invalid,
data/crnn_crops/valid/IMG_8821_JPG.rf.df0e6710fca516ff996909fa0efc8700.jpg,valid,1Q-279,0.8895,0,DL-DDD,1,format-invalid,
data/crnn_crops/train/images-7-_jpg.rf.6b19dcbac22a3cf49570bc7ee0dc1e50.jpg,train,1-91831,0.8903,0,D-DDDDD,1,format-invalid,
data/crnn_crops/train/unnamed-1-15-1024x768_jpg.rf.72e8d4a10fdb8302c1c660551871fa4d.jpg,train,1A-833,0.8906,0,DL-DDD,1,format-invalid,
data/crnn_crops/valid/sldkoeijfnfjrdk_jpg.rf.4a4099cd3737b30e080f0db6759b9704.jpg,valid,1G-91089,0.8907,0,DL-DDDDD,1,format-invalid,
data/crnn_crops/train/IMG_6766_jpg.rf.7c96048142dfa62ffd1133f4d7fe4012.jpg,train,367777,0.8919,0,DDDDDD,1,format-invalid,
data/crnn_crops/train/Siem-Reap-number-plate_14_jpeg.rf.e3a1921315570035cf68a4ee039c25a5.jpg,train,1FER-9554,0.892,0,DLLL-DDDD,1,format-invalid,
data/crnn_crops/train/images_jpg.rf.f91abf27bc13778b4abe1f5c02b835a6.jpg,train,12-1408,0.893,0,DD-DDDD,1,format-invalid,
data/crnn_crops/valid/Banteay-Meanchey-number-plate_12_jpeg.rf.fb40aee5e9dc685257a2c7b414c2087f.jpg,valid,27777,0.8931,0,DDDDD,1,format-invalid,
data/crnn_crops/train/IMG_6177_jpg.rf.e3a3105bd574b6087ae00066fa62c65e.jpg,train,26A-617,0.8941,0,DDL-DDD,1,format-invalid,
data/crnn_crops/train/IMG_8629_JPG.rf.2c6792107cb7901e66a79a24eb32b980.jpg,train,14C--417,0.8947,0,DDL-DDD,1,format-invalid,
data/crnn_crops/valid/photo_2022-06-06_08-47-56-768x1024_jpg.rf.59e9e66cb4bce00b0d0fe4d315b7b75d.jpg,valid,1L-311,0.8947,0,DL-DDD,1,format-invalid,
data/crnn_crops/train/IMG_9726_jpg.rf.133b26aec29403b8c62ef0c31f65373c.jpg,train,1G-91089,0.8948,0,DL-DDDDD,1,format-invalid,
data/crnn_crops/train/IMG_2765_jpg.rf.a9213adfbd0bd9a45868881a67261c1d.jpg,train,66899,0.8968,0,DDDDD,1,format-invalid,
data/crnn_crops/valid/IMG_6668_jpg.rf.0bff2b99928aceb6d339201f6ac68afe.jpg,valid,2B2-1872,0.8969,0,DLD-DDDD,1,format-invalid,
data/crnn_crops/valid/IMG_5475_jpg.rf.0be906ec2631140fb47d98a20e4e6a95.jpg,valid,C-9682,0.8979,0,L-DDDD,1,format-invalid,
data/crnn_crops/train/photo_2023-05-31_16-46-09_jpg.rf.2d01499ef64648dfde40b49c16c4fb7d.jpg,train,1E-694,0.8986,0,DL-DDD,1,format-invalid,
data/crnn_crops/valid/IMG_8776_JPG.rf.3d234bbb2ad490751e232e3b342eff0f.jpg,valid,466571,0.8988,0,DDDDDD,1,format-invalid,
data/crnn_crops/train/Koh-Kong-number-plate_9_jpeg.rf.0d82e119eada1367d199ed0e0b8fefd0.jpg,train,20-9756,0.8991,0,DD-DDDD,1,format-invalid,
data/crnn_crops/train/maxresdefault-4-_jpg.rf.c62105d0f15f8a910d6d2e37cd857cae.jpg,train,C-9682,0.8994,0,L-DDDD,1,format-invalid,
data/crnn_crops/train/211ab293-2e80-449f-af0b-2935708143f8_jpg.rf.e5d99bdbd12f047935b51615c7294708.jpg,train,A-0896,0.8997,0,L-DDDD,1,format-invalid,
data/crnn_crops/valid/IMG_3361_jpg.rf.c36c4a8a24e6118e40ab87c4b6afc49c.jpg,valid,4I66666,0.8997,0,DLDDDDD,1,format-invalid,
data/crnn_crops/valid/Stung-Treng-number-plate_14_jpeg.rf.41a090f9f45a5f048457291b48de8f8f.jpg,valid,28J-1101,0.9,0,DDL-DDDD,1,format-invalid,
data/crnn_crops/train/IMG_6305_jpg.rf.3b5f18a7386549c40692e745930bd1a6.jpg,train,20B-8065,0.9001,0,DDL-DDDD,1,format-invalid,
data/crnn_crops/valid/IMG_9159_jpg.rf.c24f638a7ee2ddaf40a91fb635759ba3.jpg,valid,1A-270,0.9005,0,DL-DDD,1,format-invalid,
data/crnn_crops/train/IMG_9507_jpg.rf.c0399ce0ec36381bd93fbaab4b81214a.jpg,train,28B-5605,0.9008,0,DDL-DDDD,1,format-invalid,
data/crnn_crops/train/Screenshot-2023-05-31-142623_png.rf.780e3ba60980d373f35e5e13d3b4187b.jpg,train,2B-720,0.9013,0,DL-DDD,1,format-invalid,
data/crnn_crops/valid/images-6-_jpg.rf.56f0a21fdb8d4e65918a38b53b350dc8.jpg,valid,J-9274,0.9014,0,L-DDDD,1,format-invalid,
data/crnn_crops/train/IMG_9407_jpg.rf.dde3641b83eba8651e3d42846567aa07.jpg,train,16L1988,0.9017,0,DDLDDDD,1,format-invalid,
data/crnn_crops/train/IMG_9929_jpg.rf.a5c6a1df3e67b50100e0fd53525bd2eb.jpg,train,2A-730,0.9017,0,DL-DDD,1,format-invalid,
data/crnn_crops/valid/sidjrehsbrjwhs_jpg.rf.d1fd96f2277917d9e6c7df27d53907e3.jpg,valid,2-A-5676,0.9017,0,D-L-DDDD,1,format-invalid,
data/crnn_crops/train/IMG_4599_jpg.rf.2262d99233a2fef0b81d237d2a13b7ff.jpg,train,14Q-9770,0.9023,0,DDL-DDDD,1,format-invalid,
data/crnn_crops/train/IMG_3978_jpg.rf.57062b2f56b7911c5d2b7695f6bb72aa.jpg,train,29G-4662,0.9031,0,DDL-DDDD,1,format-invalid,
data/crnn_crops/valid/IMG_3612_jpg.rf.4a0a341a285ddfceb3dafc6a4799b0bb.jpg,valid,1281818,0.9036,0,DDDDDDD,1,format-invalid,
data/crnn_crops/train/IMG_7542_jpg.rf.3b905478bdd4215d0a2d9429dc11f498.jpg,train,41147878,0.9048,0,DDDDDDDD,1,format-invalid,
data/crnn_crops/train/IMG_4024_jpg.rf.00e4af98dc90281b3a408be0f8b43c15.jpg,train,2A-314,0.9055,0,DL-DDD,1,format-invalid,
data/crnn_crops/train/IMG_3492_jpg.rf.26b840b3a851cfecacf10eeae7566249.jpg,train,86A-667,0.9056,0,DDL-DDD,1,format-invalid,
data/crnn_crops/valid/IMG_9068_jpg.rf.b97caadc70cd6012a79b3e5e027bfa5d.jpg,valid,1M8898,0.9066,0,DLDDDD,1,format-invalid,
data/crnn_crops/valid/Pursat-number-plate_3_jpeg.rf.1bcf6a75f130b55f42c8015aedb88ba8.jpg,valid,16B-9692,0.9086,0,DDL-DDDD,1,format-invalid,
data/crnn_crops/train/23038593_jpg.rf.85b267218372a9f5c97b3426629e6be9.jpg,train,2A-196,0.9087,0,DL-DDD,1,format-invalid,
data/crnn_crops/valid/IMG_6026_jpg.rf.28f264a1ddaeecfcb53be20743bca1f2.jpg,valid,2A1283,0.9088,0,DLDDDD,1,format-invalid,
data/crnn_crops/train/images-13-_jpg.rf.d68f06447a4d457d40618825c97386b0.jpg,train,1M8898,0.9093,0,DLDDDD,1,format-invalid,
data/crnn_crops/valid/3c3e1286-4916-4e24-a2a3-4f570dce1377_jpg.rf.a030c71f5b72cb1bf8d35f9364ecbb2b.jpg,valid,4A--004,0.911,0,DL-DDD,1,format-invalid,
data/crnn_crops/train/IMG_8800_JPG.rf.8630d481dbd41c4810ad05dd72443195.jpg,train,1A-605,0.9111,0,DL-DDD,1,format-invalid,
data/crnn_crops/train/IMG_2818_jpg.rf.78e2ec587ef19a86d6fbfec2224323e5.jpg,train,6I5678,0.9132,0,DLDDDD,1,format-invalid,
data/crnn_crops/valid/IMG_8716_JPG.rf.d7c770440308eebb8e60c20152190a1f.jpg,valid,14B-9369,0.9139,0,DDL-DDDD,1,format-invalid,
data/crnn_crops/valid/IMG_2961_jpg.rf.c9de2d6aa3a018efc8fb5a0b82db709b.jpg,valid,12-1408,0.9147,0,DD-DDDD,1,format-invalid,
data/crnn_crops/train/IMG_9085_jpg.rf.835b69b6f1b50f37e5af4b46b7874d1f.jpg,train,3A-041,0.9153,0,DL-DDD,1,format-invalid,
data/crnn_crops/train/IMG_3163_jpg.rf.3272f5225aac678b431a1f5cad3c5128.jpg,train,2C865,0.9175,0,DLDDD,1,format-invalid,
data/crnn_crops/train/IMG_7676_jpg.rf.97a5bc4c494451baa394342ee0e5d0c6.jpg,train,29R-0575,0.9184,0,DDL-DDDD,1,format-invalid,
data/crnn_crops/valid/IMG_5298_jpg.rf.078f32e0ce41eb37969d49f9c3b0f11a.jpg,valid,2A-332,0.9184,0,DL-DDD,1,format-invalid,
data/crnn_crops/valid/IMG_6603_jpg.rf.81ea7f96a2ea7a4719a17b3734875326.jpg,valid,1G6173,0.9185,0,DLDDDD,1,format-invalid,
data/crnn_crops/valid/IMG_3917_jpg.rf.5e32acfe9e702bee660c65b4249b8476.jpg,valid,C-9999,0.9188,0,L-DDDD,1,format-invalid,
data/crnn_crops/train/IMG_8121_jpg.rf.00f0f7207524d1ce5176e97a91b755a7.jpg,train,5405477,0.9198,0,DDDDDDD,1,format-invalid,
data/crnn_crops/valid/IMG_8493_JPG.rf.83cbe36435746d25b14a219abd8da530.jpg,valid,29A-1886,0.9202,0,DDL-DDDD,1,format-invalid,
data/crnn_crops/train/1-29_jpg.rf.347915f26efa4667980f099ed6102f0e.jpg,train,M64M99,0.9216,0,LDDLDD,1,format-invalid,
data/crnn_crops/train/maxresdefault_jpg.rf.c3cae047af3c75f3a40f0ade30a7e87c.jpg,train,241161,0.9227,0,DDDDDD,1,format-invalid,
data/crnn_crops/valid/139bfd73-e8e4-4b1a-ae7e-55d47c8a8b8f_jpg.rf.5511b7380562a62e39be292584b18672.jpg,valid,21-0437,0.9229,0,DD-DDDD,1,format-invalid,
data/crnn_crops/train/IMG_2869_jpg.rf.7a4afc3770c67ef416f1beb2cf5fcf12.jpg,train,Q-7935,0.9235,0,L-DDDD,1,format-invalid,
data/crnn_crops/train/IMG_6925_jpg.rf.e4f204e3207e4b6d29e9ddfb75338aef.jpg,train,2BE-224,0.927,0,DLL-DDD,1,format-invalid,
data/crnn_crops/train/IMG_6205_jpg.rf.a21fb282f960c35f5956dd90591ebe36.jpg,train,12-7112,0.9283,0,DD-DDDD,1,format-invalid,
data/crnn_crops/train/IMG_8728_JPG.rf.e2a6d1fb3ba8a2fec5d4eff19d3a6166.jpg,train,10-4924,0.9286,0,DD-DDDD,1,format-invalid,
data/crnn_crops/train/Pailin-number-plate_16_jpeg.rf.7834c74dadf6856ccc4229e17aaf72eb.jpg,train,28G-4115,0.9331,0,DDL-DDDD,1,format-invalid,
data/crnn_crops/train/Takeo-number-plate_16_jpeg.rf.ed7a8a843a760e37993dfb6c4a75dc58.jpg,train,2BE-47,0.9339,0,DLL-DD,1,format-invalid,
data/crnn_crops/train/IMG_3548_jpg.rf.4bc21e76b804200f3a75a066de8b7ccb.jpg,train,1-68988,0.9347,0,D-DDDDD,1,format-invalid,
data/crnn_crops/train/IMG_5791_jpg.rf.2d81b56533ace67dd60ffdd28bf12d82.jpg,train,16-4575,0.9349,0,DD-DDDD,1,format-invalid,
data/crnn_crops/train/IMG_3594_jpg.rf.cf20a98556bcfb7139ca018c0e4c1df0.jpg,train,3A-A026,0.9351,0,DL-LDDD,1,format-invalid,
data/crnn_crops/train/IMG_6288_jpg.rf.5e26050dc98982ff7af8a7e0ab50b19e.jpg,train,29B-7121,0.9357,0,DDL-DDDD,1,format-invalid,
data/crnn_crops/train/Siem-Reap-number-plate_25_jpeg.rf.8d94075bc5930c67453200799a2f6af0.jpg,train,AM-5111,0.9358,0,LL-DDDD,1,format-invalid,
data/crnn_crops/train/IMG_8777_jpg.rf.1497c4a516db01ad6d8a98f5bd962bb0.jpg,train,3A-018,0.9361,0,DL-DDD,1,format-invalid,
data/crnn_crops/train/IMG_6290_jpg.rf.854dcc30fae9ad42249b86f38aa75f33.jpg,train,29A-5166,0.9366,0,DDL-DDDD,1,format-invalid,
data/crnn_crops/train/IMG_4470_jpg.rf.5f66bc2ae381b51c78446561314fa6ce.jpg,train,2A-158,0.9376,0,DL-DDD,1,format-invalid,
data/crnn_crops/valid/s-823940167324999261077326-b_jpg.rf.f310c52124d333e862b9b2b6bbd5eb78.jpg,valid,16-4575,0.9376,0,DD-DDDD,1,format-invalid,
data/crnn_crops/train/images-2-_jpg.rf.d3d90060eaae48c2709643abf6b552f6.jpg,train,14E-8332,0.9378,0,DDL-DDDD,1,format-invalid,
data/crnn_crops/train/IMG_3248_jpg.rf.41a92d1df076bf0e8d5c940716b61fb3.jpg,train,AM-5111,0.9378,0,LL-DDDD,1,format-invalid,
data/crnn_crops/train/IMG_7532_jpg.rf.8febe53bdf68158e7b1dd83fc4499da0.jpg,train,14E-8332,0.9378,0,DDL-DDDD,1,format-invalid,
data/crnn_crops/train/IMG_2756_jpg.rf.def7658b5b2cdab15ec0e20b23581993.jpg,train,1S0707,0.9385,0,DLDDDD,1,format-invalid,
data/crnn_crops/train/IMG_8411_jpg.rf.bc584eb23af22619016995c81a85b669.jpg,train,28B-1323,0.9406,0,DDL-DDDD,1,format-invalid,
data/crnn_crops/train/IMG_5914_jpg.rf.ddac1583fb39121d94d2a7a3783b2cff.jpg,train,14-3212,0.9408,0,DD-DDDD,1,format-invalid,
data/crnn_crops/train/IMG_7714_jpg.rf.49b2ecfc481d811814f6550300d949dc.jpg,train,16A-3004,0.9413,0,DDL-DDDD,1,format-invalid,
data/crnn_crops/valid/IMG_1209_jpg.rf.047d60521645727dfd766d6645ba655a.jpg,valid,1J1666,0.9413,0,DLDDDD,1,format-invalid,
data/crnn_crops/train/IMG_6055_jpg.rf.a60cb1ee22186e01eac71ff0df98767c.jpg,train,26B-8128,0.9424,0,DDL-DDDD,1,format-invalid,
data/crnn_crops/valid/IMG_3538_jpg.rf.5c2c98b6ecd3e2a772cc5615dfa4c523.jpg,valid,16-8553,0.9432,0,DD-DDDD,1,format-invalid,
data/crnn_crops/train/IMG_3624_jpg.rf.58f70cc9fddce0a751dd5f98d32be4bb.jpg,train,10A-2367,0.9445,0,DDL-DDDD,1,format-invalid,
data/crnn_crops/valid/IMG_2963_jpg.rf.d784c775dcfcb8591215d4b9550eec78.jpg,valid,1L3086,0.946,0,DLDDDD,1,format-invalid,
data/crnn_crops/train/Koh-Kong-number-plate_22_jpeg.rf.b1425aca4fa4baeb25d503958c7e99b4.jpg,train,2A-314,0.9465,0,DL-DDD,1,format-invalid,
data/crnn_crops/train/IMG_9374_jpg.rf.c3b1c873b7bffad5ec6db4e21c3195bc.jpg,train,2A-244,0.9467,0,DL-DDD,1,format-invalid,
data/crnn_crops/valid/IMG_6471_jpg.rf.88c0b47062b5257de48b8f852d96efa5.jpg,valid,77776,0.9483,0,DDDDD,1,format-invalid,
data/crnn_crops/train/IMG_3140_jpg.rf.2da9bab7103544072414411eb91525d7.jpg,train,2A-263,0.949,0,DL-DDD,1,format-invalid,
data/crnn_crops/train/IMG_d6102_JPG.rf.dff1a755aab7ff6f14c36121150e9b14.jpg,train,2C3834,0.9498,0,DLDDDD,1,format-invalid,
data/crnn_crops/train/IMG_9763_jpg.rf.13efb94a9093a17e5ea81390d34311bc.jpg,train,29N-5208,0.9504,0,DDL-DDDD,1,format-invalid,
data/crnn_crops/valid/dsihjtrgv_jpg.rf.1e51ce0d0c31f4bd937916547f0ea7d9.jpg,valid,2A--332,0.9509,0,DL-DDD,1,format-invalid,
data/crnn_crops/train/IMG_7976_JPG.rf.11999ca6a022b47989c0330b15731adb.jpg,train,29-7573,0.9557,0,DD-DDDD,1,format-invalid,
data/crnn_crops/train/IMG_2691_jpg.rf.aff525047c6ab0a8b9220beb08adfdcb.jpg,train,1Q-572,0.9559,0,DL-DDD,1,format-invalid,
data/crnn_crops/train/IMG_3665_jpg.rf.a3981215ee8511e37a8232d8e89dd61f.jpg,train,1L7254,0.9561,0,DLDDDD,1,format-invalid,
data/crnn_crops/train/IMG_1225_jpg.rf.40141bafd0c26ae8d248dc4ac1a9ce27.jpg,train,2A-444,0.9577,0,DL-DDD,1,format-invalid,
data/crnn_crops/train/skdwoednvksufwsk_jpg.rf.0dedb436e96803933a42b00f4debc5e6.jpg,train,2A-444,0.9596,0,DL-DDD,1,format-invalid,
data/crnn_crops/train/96b0fab2-a924-4d90-8cea-2323bea7c0fe_Big_jpg.rf.a37dd670303d8b476a0960322c09f680.jpg,train,2A-332,0.9603,0,DL-DDD,1,format-invalid,
data/crnn_crops/train/images-7-_jpg.rf.70d5fd09133a8624df4385c9752f644c.jpg,train,4AJ332,0.9605,0,DLLDDD,1,format-invalid,
data/crnn_crops/train/IMG_9333_jpg.rf.2a6f8bb6fde6c10c034183762eca0da8.jpg,train,4AJ332,0.9605,0,DLLDDD,1,format-invalid,
data/crnn_crops/train/IMG_5306_jpg.rf.4f29be7739675421b7e825de58100605.jpg,train,2BB-5459-,0.9622,0,DLL-DDDD-,1,format-invalid,
data/crnn_crops/train/IMG_5309_jpg.rf.b76dd5b72a33fc57772920104359498f.jpg,train,29-662,0.9633,0,DD-DDD,1,format-invalid,
data/crnn_crops/train/IMG_6672_jpg.rf.2a644841e1ffbd2b5a0eb231d1d749b9.jpg,train,29E-7386,0.9647,0,DDL-DDDD,1,format-invalid,
data/crnn_crops/train/Siem-Reap-number-plate_15_jpeg.rf.3e5e7c54273bff8ec311cf4e0285f906.jpg,train,3A0657,0.9667,0,DLDDDD,1,format-invalid,
data/crnn_crops/train/-honda-dream-2011-127675168440055928187djfg804-f_jpg.rf.dd6a611266a6d62226ecd4a2c4127e92.jpg,train,1B-010,0.9679,0,DL-DDD,1,format-invalid,
data/crnn_crops/valid/1c1ae5ec-d97b-451c-b2f2-8ff1d1842d44_jpg.rf.4737df933d4edc7d09834115a28d297c.jpg,valid,A-2673,0.9699,0,L-DDDD,1,format-invalid,
data/crnn_crops/valid/IMG_5466_jpg.rf.885cf7b180b88af31c9e0e041b938dd1.jpg,valid,21-8533,0.9708,0,DD-DDDD,1,format-invalid,
data/crnn_crops/valid/sakfjroghahffnvnfjf_jpg.rf.1fdfd6421dfd619c43eab013f5bf5167.jpg,valid,2A1283,0.9713,0,DLDDDD,1,format-invalid,
data/crnn_crops/train/9dfbae66-a632-414f-9898-aaa19d0bc218_jpg.rf.5ded0e9a2d022b0b75a2a04652f3ac47.jpg,train,4A-10710,0.9748,0,DL-DDDDD,1,format-invalid,
data/crnn_crops/train/3330eede-c5fa-4182-9aab-caa6e5accefa_jpg.rf.8c989c0432d7cd8ebb580c092d8b031f.jpg,train,A-0577,0.9765,0,L-DDDD,1,format-invalid,
data/crnn_crops/train/Tboung-Khmum-number-plate_19_jpeg.rf.d93527cbe43cf1663f22f41634f0b244.jpg,train,21-8533,0.9765,0,DD-DDDD,1,format-invalid,
data/crnn_crops/train/0c48beb5-e623-469b-8e9a-4d315221f6c2_jpg.rf.8ac06ba12d81c7250b890567e4c2fa08.jpg,train,3A-738,0.9791,0,DL-DDD,1,format-invalid,
data/crnn_crops/valid/6f2e3ff8-25e0-403a-831b-cbdc0a63e8f9_Big_jpg.rf.8e8525f345a6fc59efcdb1d351e6a95c.jpg,valid,2A-444,0.9813,0,DL-DDD,1,format-invalid,
data/crnn_crops/train/8274c12a-37c4-4d46-a3e3-9ae60dfbbae7_Big_jpg.rf.6b89da8fa8bc301b6742df22584d1dfc.jpg,train,2A-444,0.9839,0,DL-DDD,1,format-invalid,
data/crnn_crops/train/IMG_6207_jpg.rf.419c2b2224a2634b0b3b445993fa96cc.jpg,train,2A-444,0.9844,0,DL-DDD,1,format-invalid,
data/crnn_crops/train/profile_377514_1559553643_53_jpg.rf.2b8732fe0a7c520b3569059ae6a6bf95.jpg,train,2A1283,0.9866,0,DLDDDD,1,format-invalid,
data/crnn_crops/train/287741582_785431769501318_kffjfd2504595944756724158_n_jpg.rf.cbda86e6f85514ded52bc3e0646bea02.jpg,train,3A-067,0.9868,0,DL-DDD,1,format-invalid,
data/crnn_crops/train/IMG_8364_jpg.rf.de37757aec3bd5a1dac158238a9af033.jpg,train,1E-204,0.987,0,DL-DDD,1,format-invalid,
data/crnn_crops/valid/IMG_4595_jpg.rf.86e083572755cd99a49be67c5ac83198.jpg,valid,1E3544,0.9893,0,DLDDDD,1,format-invalid,
data/crnn_crops/valid/IMG_8516_JPG.rf.0e68f0dda413869f7f6187e6d8942258.jpg,valid,107916,0.9897,0,DDDDDD,1,format-invalid,
data/crnn_crops/train/photo_2023-05-31_16-46-14_jpg.rf.a9048b9ce49b84db49ff1749497cc244.jpg,train,1E3544,0.9898,0,DLDDDD,1,format-invalid,
data/crnn_crops/train/6b55415f-40d8-4843-ac80-8999a4c5f6e2_jpg.rf.bb61458c39ae3b7b46ca0fdd629bf569.jpg,train,A-0577,0.9949,0,L-DDDD,1,format-invalid,
data/crnn_crops/valid/668827-12-1635174351-31776232-b_jpg.rf.65051633209fd586410d5acff15d5148.jpg,valid,2A416,0.9966,0,DLDDD,1,format-invalid,
data/crnn_crops/train/IMG_8633_JPG.rf.2a6c937f090a1c4bb9328cae56a284a3.jpg,train,2-9570,0.5357,1,D-DDDD,2,low-confidence,
data/crnn_crops/train/IMG_2654_jpg.rf.72bf89796a5ad340143fb35c1593f8de.jpg,train,1-9800,0.572,1,D-DDDD,2,low-confidence,
data/crnn_crops/train/C959-A927-507-C-44-D9-9772-985566176-B71_jpg.rf.17289b7c8138b216bcc2af02359d8bb8.jpg,train,3EKG3E06,0.6004,1,DLLLDLDD,2,low-confidence,
data/crnn_crops/train/IMG_6617_jpg.rf.4c008411417a6eb288f58621f09a2ff0.jpg,train,3EKG3E06,0.6004,1,DLLLDLDD,2,low-confidence,
data/crnn_crops/train/IMG_8758_jpg.rf.4c70afffd8d47b7267e38812de03733c.jpg,train,3EKG3E06,0.6004,1,DLLLDLDD,2,low-confidence,
data/crnn_crops/valid/IMG_9232_jpg.rf.96ee6fe1fb6d51f05beba1b561555850.jpg,valid,4EN63E06,0.6214,1,DLLDDLDD,2,low-confidence,
data/crnn_crops/valid/IMG_123_jpg.rf.4b4d9ac0660ddaab34a8c0e4896e8cb9.jpg,valid,2--7976,0.6272,1,D-DDDD,2,low-confidence,
data/crnn_crops/train/396-F7253-B804-4-C8-E-BC24-83-C8-E689810-E_jpg.rf.8e187dab258f22d24abe160742c18565.jpg,train,A0N7ME48,0.6699,1,LDLDLLDD,2,low-confidence,
data/crnn_crops/train/IMG_8558_jpg.rf.be6a9c57d41501a02830cf884424f3b9.jpg,train,3-1673,0.681,1,D-DDDD,2,low-confidence,
data/crnn_crops/train/IMG_9099_jpg.rf.9b3d11dd323d59f591ec54ccac594902.jpg,train,1-9169,0.6869,1,D-DDDD,2,low-confidence,
data/crnn_crops/train/Pailin-number-plate_28_jpeg.rf.9866dc8771008f5cca3209012223a4d6.jpg,train,4A-4204,0.689,1,DL-DDDD,2,low-confidence,
data/crnn_crops/train/IMG_2998_jpg.rf.caa114d4ed1c9077b2ffa886b76cceec.jpg,train,4F-6716,0.71,1,DL-DDDD,3,mid-confidence,
data/crnn_crops/valid/IMG_8840_JPG.rf.1c145aa499d545b529d45b64e3013045.jpg,valid,1G-0677,0.7106,1,DL-DDDD,3,mid-confidence,
data/crnn_crops/train/IMG_7515_jpg.rf.e18bcb033998982249dc79103a70b1ec.jpg,train,4-3196,0.7202,1,D-DDDD,3,mid-confidence,
data/crnn_crops/train/IMG_8544_JPG.rf.89a2cdcc21cd4f946584cb3ed7a8602f.jpg,train,2-0056,0.7219,1,D-DDDD,3,mid-confidence,
data/crnn_crops/train/IMG_5806_jpg.rf.3abc8d30276fe82bdbe6393958201131.jpg,train,2-1360,0.7272,1,D-DDDD,3,mid-confidence,
data/crnn_crops/valid/IMG_8498_JPG.rf.27d3b167a9f3987811f18dca38de4c5b.jpg,valid,1B-5769,0.7339,1,DL-DDDD,3,mid-confidence,
data/crnn_crops/train/IMG_6928_jpg.rf.8c8e450fc03e6734e6076ecf12ca32a6.jpg,train,A07ME48,0.7461,1,LDDLLDD,3,mid-confidence,
data/crnn_crops/train/IMG_8534_JPG.rf.646e7b7bcd51aeb05c4a37e42be2b4eb.jpg,train,4AB-8286,0.7587,1,DLL-DDDD,3,mid-confidence,
data/crnn_crops/train/IMG_3154_jpg.rf.7841b313a38eac672052486e15b785cf.jpg,train,2A--9998,0.7636,1,DL-DDDD,3,mid-confidence,
data/crnn_crops/valid/download-2-_jpg.rf.9a31901b35dcdc543c698007a24d0311.jpg,valid,1-1460,0.7654,1,D-DDDD,3,mid-confidence,
data/crnn_crops/train/a-large-isuzu-police-vehicle-is-parked-on-a-city-street-in-phnom-penh-DFECYT_jpg.rf.795984b39a3b386cd7b48915fffd6ddb.jpg,train,3-0069,0.7735,1,D-DDDD,3,mid-confidence,
data/crnn_crops/valid/images-3-_jpg.rf.3728d3b381378b88d3de2fc2b1bfaf52.jpg,valid,1-7360,0.7883,1,D-DDDD,3,mid-confidence,
data/crnn_crops/train/97685892_1534646800043472_9199469813708095488_n_jpg.rf.0c302d98a76726cba590968c2b76961d.jpg,train,3C-9985,0.8034,1,DL-DDDD,3,mid-confidence,
data/crnn_crops/train/SJG3TEG_jpg.rf.e7e0534324e4ed988cddc64bd4b8fc55.jpg,train,1L-1301,0.8036,1,DL-DDDD,3,mid-confidence,
data/crnn_crops/train/IMG_5888_jpg.rf.3120d9a8353123b1675bfb4026e6c1a3.jpg,train,3C-9985,0.8042,1,DL-DDDD,3,mid-confidence,
data/crnn_crops/train/IMG_6570_jpg.rf.360c7afced4eeacd27a157006cff9035.jpg,train,1AC-1362,0.8077,1,DLL-DDDD,3,mid-confidence,
data/crnn_crops/train/IMG_3301_jpg.rf.d331bbebd5419ecc4a25903dcb772c86.jpg,train,1Q-2629,0.8081,1,DL-DDDD,3,mid-confidence,
data/crnn_crops/train/photo_2023-05-31_16-47-59_jpg.rf.8b223360950ace250b32f98bc8cc6b46.jpg,train,1B-8653,0.8084,1,DL-DDDD,3,mid-confidence,
data/crnn_crops/train/images-3-_jpg.rf.7aeb169ddd16fa11cde07df285b2180d.jpg,train,1H-9837,0.814,1,DL-DDDD,3,mid-confidence,
data/crnn_crops/train/IMG_9080_jpg.rf.169cec132d0cf4bd417cfac42b40fc94.jpg,train,4-7267,0.8168,1,D-DDDD,3,mid-confidence,
data/crnn_crops/train/IMG_9599_jpg.rf.add426b2a20943aa0eb98da2f2eb9d54.jpg,train,7S-5666,0.8242,1,DL-DDDD,3,mid-confidence,
data/crnn_crops/train/Z8OQccE_jpg.rf.fc7e83569304557c4d4dc48839683fbf.jpg,train,7S-5666,0.8242,1,DL-DDDD,3,mid-confidence,
data/crnn_crops/train/IMG_5752_jpg.rf.c380a3f19d6adee64c8a0b9dd1b9a6e8.jpg,train,1S-4707,0.8245,1,DL-DDDD,3,mid-confidence,
data/crnn_crops/train/IMG_9522_jpg.rf.3e19e0179d45ccd3beab17c907158700.jpg,train,2-7574,0.8249,1,D-DDDD,3,mid-confidence,
data/crnn_crops/valid/IMG_9076_jpg.rf.a73d6f114deec5d9523289ac9b9b3c2e.jpg,valid,1AA-5676,0.8251,1,DLL-DDDD,3,mid-confidence,
data/crnn_crops/train/IMG_8812_JPG.rf.1a7b30915e19a5c3cc56ef4002c843bf.jpg,train,1A-1206,0.8258,1,DL-DDDD,3,mid-confidence,
data/crnn_crops/train/5-AB16-AE2-83-D9-4396-B228-D469-DAFCC993_jpg.rf.50ebe0b2f4a19e1ec694230456e584bd.jpg,train,1J-8066,0.8267,1,DL-DDDD,3,mid-confidence,
data/crnn_crops/train/Kratie-number-plate_6_jpeg.rf.41ddfdac2297c598745fcb2cdd6ae356.jpg,train,2A-2766,0.8287,1,DL-DDDD,3,mid-confidence,
data/crnn_crops/train/IMG_7731-3_JPG.rf.0539eb5b5e232d55907018e98540b676.jpg,train,1A-7649,0.8301,1,DL-DDDD,3,mid-confidence,
data/crnn_crops/train/5-AB16-AE2-83-D9-4396-B228-D469-DAFCC993_jpg.rf.ff492bba7f3fa9c32024dbc9412e163d.jpg,train,1J-8066,0.8304,1,DL-DDDD,3,mid-confidence,
data/crnn_crops/train/IMG_7200_jpg.rf.f5188aff6f2e4f273eabf0f41f50a8ca.jpg,train,2T-6053,0.8309,1,DL-DDDD,3,mid-confidence,
data/crnn_crops/train/Preah-Sihanouk-number-plate_26_jpeg.rf.2663ef21ab2ca9f100df5bd42e676132.jpg,train,1M-2126,0.8318,1,DL-DDDD,3,mid-confidence,
data/crnn_crops/valid/IMG_4928_jpg.rf.a42a168c1a24d0b54a11b9f4e92507f8.jpg,valid,2-8886,0.8318,1,D-DDDD,3,mid-confidence,
data/crnn_crops/train/IMG_1142_jpg.rf.18b9eb9c12a37025f4ace9c3d52da4a4.jpg,train,1J-8066,0.8321,1,DL-DDDD,3,mid-confidence,
data/crnn_crops/valid/Siem-Reap-number-plate_8_jpeg.rf.89033f6ee0d2861a08cec07e67b02910.jpg,valid,1-7460,0.8329,1,D-DDDD,3,mid-confidence,
data/crnn_crops/train/IMG_8750_JPG.rf.22ab38095fb8c7411778217f643789fa.jpg,train,2C-2901,0.8343,1,DL-DDDD,3,mid-confidence,
data/crnn_crops/train/IMG_5044_jpg.rf.2146946b6f8068721a80c37d10686f52.jpg,train,2AA-0262,0.8368,1,DLL-DDDD,3,mid-confidence,
data/crnn_crops/train/IMG_6955_jpg.rf.e44fc256e639b48092757e174d10103e.jpg,train,8-0060,0.8389,1,D-DDDD,3,mid-confidence,
data/crnn_crops/train/IMG_8225_jpg.rf.1aeba39f6ebebc2c3d949aabc04f3374.jpg,train,2D-3507,0.8395,1,DL-DDDD,3,mid-confidence,
data/crnn_crops/train/IMG_9472_jpg.rf.c8a8f68a49b77600efa7bb5746b72b44.jpg,train,2S-8251,0.8399,1,DL-DDDD,3,mid-confidence,
data/crnn_crops/train/IMG_7250_jpg.rf.ccfcf595090ec7df63317cfd990bd1dd.jpg,train,3A-6261,0.8414,1,DL-DDDD,3,mid-confidence,
data/crnn_crops/train/IMG_7630_jpg.rf.de3941346aa43b98bef6be4ed341930e.jpg,train,2AA-9777,0.8425,1,DLL-DDDD,3,mid-confidence,
data/crnn_crops/train/Siem-Reap-number-plate_23_jpeg.rf.87044c453cda9199f68e3e5e8070c61a.jpg,train,1TG-0770,0.8463,1,DLL-DDDD,3,mid-confidence,
data/crnn_crops/train/Mondulkiri-number-plate_25_jpeg.rf.7cf0c5a7a07ee1134ea4c2d0d2d2001d.jpg,train,3AJ-2666,0.8474,1,DLL-DDDD,3,mid-confidence,
data/crnn_crops/train/Kandal-number-plate_29_jpeg.rf.c7d4bda39b83f7aa13ba4857d07d00e5.jpg,train,3C-8271,0.8476,1,DL-DDDD,3,mid-confidence,
data/crnn_crops/train/ac2f8131-869e-43d4-9d78-79146caeee9b_jpg.rf.933543be61ea36ed4263594f5f4e7a25.jpg,train,4-0070,0.8489,1,D-DDDD,3,mid-confidence,
data/crnn_crops/valid/IMG_8989_jpg.rf.5392a130d546c565909cc28ebc900ef3.jpg,valid,1-0123,0.8493,1,D-DDDD,3,mid-confidence,
data/crnn_crops/valid/gs-300-full-option-p1-642169168rifjdk164600573250836-c_jpg.rf.aa090c6c2b7ce8792d2106c170335359.jpg,valid,2D-5055,0.8505,1,DL-DDDD,3,mid-confidence,
data/crnn_crops/valid/IMG_8954_jpg.rf.a55ec2d4b9f1270ef2ba2463e7489738.jpg,valid,1P-5310,0.8522,1,DL-DDDD,3,mid-confidence,
data/crnn_crops/train/images-1-_jpg.rf.a6f99ba049883e95e68d4b8f1a4fe1c9.jpg,train,1-0123,0.8524,1,D-DDDD,3,mid-confidence,
data/crnn_crops/train/pruis-2010-option-4-271672167282413238829690-c_jpg.rf.4c42e16b2bcb383b9ec25c975090a5a3.jpg,train,2G-0640,0.854,1,DL-DDDD,3,mid-confidence,
data/crnn_crops/train/postnews-com-kh-2022-09-09_15-53-08_jpg.rf.f9e10f9fe9a069409c24a55995bfa1cf.jpg,train,2-9894,0.8556,1,D-DDDD,3,mid-confidence,
data/crnn_crops/train/IMG_6741_jpg.rf.3925002839b1ff6ff94e2514d881cf26.jpg,train,6XS-7272,0.8578,1,DLL-DDDD,3,mid-confidence,
data/crnn_crops/train/IMG_5235_jpg.rf.9ad024711cc20d70bbd2a86de6db0902.jpg,train,1A-2793,0.8591,1,DL-DDDD,3,mid-confidence,
data/crnn_crops/train/images-14-_jpg.rf.a7fa8e604d1f011a5a566c35479c21fb.jpg,train,1-1266,0.8608,1,D-DDDD,3,mid-confidence,
data/crnn_crops/valid/IMG_8807_JPG.rf.9a0b3a712c71407fda6ab05ab94d5bca.jpg,valid,1Z-6659,0.8625,1,DL-DDDD,3,mid-confidence,
data/crnn_crops/train/IMG_4261_jpg.rf.bd4ad7eb584683e63bd728b8deb2b55d.jpg,train,1B-7778,0.8638,1,DL-DDDD,3,mid-confidence,
data/crnn_crops/train/IMG_3178_jpg.rf.19b47d93bb534b12f85764411d41f453.jpg,train,2Q-7889,0.8639,1,DL-DDDD,3,mid-confidence,
data/crnn_crops/train/IMG_3064_jpg.rf.e55c8132b1163e4764d7be38a019af08.jpg,train,1B-4853,0.8644,1,DL-DDDD,3,mid-confidence,
data/crnn_crops/train/IMG_8514_JPG.rf.cc03fbd07360aa532e4a6165a7ef6c12.jpg,train,1H-6678,0.8654,1,DL-DDDD,3,mid-confidence,
data/crnn_crops/train/IMG_9110_JPG.rf.59706a07b60dd672007150fbe8a1aacd.jpg,train,2C-7685,0.8657,1,DL-DDDD,3,mid-confidence,
data/crnn_crops/valid/09aa6e1d-48df-4042-8896-d0eb30654ffc_jpg.rf.b9fff168d57dd5458f34d09569ed8925.jpg,valid,3A-0052,0.8661,1,DL-DDDD,3,mid-confidence,
data/crnn_crops/train/IMG_8055_jpg.rf.d4cec4b9a9b332f62cc2d162f7358132.jpg,train,3A-1638,0.8673,1,DL-DDDD,3,mid-confidence,
data/crnn_crops/train/IMG_9214_JPG.rf.0a9986f6d29239e3ae63c4e36463cc4d.jpg,train,1I-2479,0.8681,1,DL-DDDD,3,mid-confidence,
data/crnn_crops/train/IMG_9278_jpg.rf.13ab09e856e1af388e8a3f54a2959e18.jpg,train,1-4618,0.8684,1,D-DDDD,3,mid-confidence,
data/crnn_crops/valid/IMG_2680_jpg.rf.ddae02910b5d05dc589519d2292a99d7.jpg,valid,2C-6336,0.8685,1,DL-DDDD,3,mid-confidence,
data/crnn_crops/train/IMG_8742_JPG.rf.1ba5268a3ddec96d33bd3b1785e68429.jpg,train,1A-1573,0.8686,1,DL-DDDD,3,mid-confidence,
data/crnn_crops/train/IMG_8533_JPG.rf.16727db6e92257e696699e8a1b85bfe6.jpg,train,1S-2814,0.8688,1,DL-DDDD,3,mid-confidence,
data/crnn_crops/train/IMG_9994_jpg.rf.658fead40c33db9c3bbaf7cb7aa41512.jpg,train,2--5068,0.8688,1,D-DDDD,3,mid-confidence,
data/crnn_crops/train/IMG_d5066_JPG.rf.185d0d3b0b9c78ab5ee5c10ef4b2c6fc.jpg,train,1P-4895,0.869,1,DL-DDDD,3,mid-confidence,
data/crnn_crops/train/ec3c6c4c-0722-468a-8264-6ab6e43959b0_jpg.rf.395e37641f8a966ef2beca1ee9b1ba98.jpg,train,4A-0836,0.87,1,DL-DDDD,3,mid-confidence,
data/crnn_crops/train/IMG_6000_jpg.rf.a5cc2d6034c6bd718a3bae4a632e8af3.jpg,train,1A-6474,0.8705,1,DL-DDDD,3,mid-confidence,
data/crnn_crops/train/IMG_6871_jpg.rf.d833a31287ef0bc1fc26e20ab928a5b9.jpg,train,3D-8791,0.8705,1,DL-DDDD,3,mid-confidence,
data/crnn_crops/train/photo_2023-05-31_16-46-07_jpg.rf.636018f5f3fea5f9e56e6fce42ce93bc.jpg,train,1E-9332,0.8709,1,DL-DDDD,3,mid-confidence,
data/crnn_crops/valid/IMG_4287_jpg.rf.0e46e3d682f8b86ac3946e0034035330.jpg,valid,1E-6729,0.871,1,DL-DDDD,3,mid-confidence,
data/crnn_crops/valid/08dd6bde-8bbe-4edc-9a30-2035e5c92f9d_jpg.rf.2964120ec0c4da41ebbb5d7992460fc7.jpg,valid,4A-0263,0.8717,1,DL-DDDD,3,mid-confidence,
data/crnn_crops/valid/IMG_d6245_JPG.rf.6bc307a7e2a69a2ad6e6dec8739d8f4b.jpg,valid,2A-7696,0.872,1,DL-DDDD,3,mid-confidence,
data/crnn_crops/train/IMG_8530_JPG.rf.26558a1a7422374dd85903fe32878381.jpg,train,3P-0355,0.8722,1,DL-DDDD,3,mid-confidence,
data/crnn_crops/train/Screenshot-2023-05-10-163755_png.rf.55b472a42c219fde88be243b05ac643f.jpg,train,2A-0068,0.8726,1,DL-DDDD,3,mid-confidence,
data/crnn_crops/train/IMG_9271_jpg.rf.544e5ebab719394860d7898a0da3967d.jpg,train,1K-2344,0.8727,1,DL-DDDD,3,mid-confidence,
data/crnn_crops/train/Police_pick-up_truck_in_Cambodia-1-_jpg.rf.8fcf3bf83ec1abe2f36932b0339e9903.jpg,train,2-0931,0.873,1,D-DDDD,3,mid-confidence,
data/crnn_crops/train/IMG_3401_jpg.rf.fda99e9e6fa3b0d1cb5811ef05892a5b.jpg,train,1S-6958,0.8733,1,DL-DDDD,3,mid-confidence,
data/crnn_crops/train/IMG_5682_jpg.rf.04b43de655759926a4a566c19ffc3e14.jpg,train,1P-2892,0.8734,1,DL-DDDD,3,mid-confidence,
data/crnn_crops/train/IMG_8729_JPG.rf.cb6ca76d9a2333af169a1f6fb7033457.jpg,train,1C-4924,0.8734,1,DL-DDDD,3,mid-confidence,
data/crnn_crops/valid/519297-1653213892-17397848-g_jpg.rf.dfa40956f989e89dfc9a5fcb116ed791.jpg,valid,2A-6855,0.8756,1,DL-DDDD,3,mid-confidence,
data/crnn_crops/valid/100095856e_jpg.rf.659d88a38849043c05d39b387befa62c.jpg,valid,2-9090,0.8776,1,D-DDDD,3,mid-confidence,
data/crnn_crops/train/images-6-_jpg.rf.deaeed8c77f9c1d1d74bfa8f5b9d5803.jpg,train,1D-4124,0.8784,1,DL-DDDD,3,mid-confidence,
data/crnn_crops/valid/nsxkfjowejfsntlskfj_jpg.rf.5fdfba3b0a2b4095d906ce7e76d74610.jpg,valid,2-9676,0.879,1,D-DDDD,3,mid-confidence,
data/crnn_crops/train/9361665a-1ca8-4adc-a6e5-3b5482a8a3f1_jpg.rf.c9220df2930de5b10dd0fd319b01af2d.jpg,train,4A-0057,0.8791,1,DL-DDDD,3,mid-confidence,
data/crnn_crops/train/download-1-_jpg.rf.a76aa260f5ff0546362ce0319036eb98.jpg,train,2-1115,0.8793,1,D-DDDD,3,mid-confidence,
data/crnn_crops/train/download-1-_jpg.rf.5ccab487c4f11c0982e7b7a8759eeceb.jpg,train,2-1115,0.8795,1,D-DDDD,3,mid-confidence,
data/crnn_crops/valid/IMG_3469_jpg.rf.e3c258af5c8e8d943701c97bc2197982.jpg,valid,2K-7888,0.8804,1,DL-DDDD,3,mid-confidence,
data/crnn_crops/train/IMG_7335_jpg.rf.8a338d0c2a66f32ae1542d0ffe33da53.jpg,train,1D-9517,0.8808,1,DL-DDDD,3,mid-confidence,
data/crnn_crops/train/Screenshot-2023-05-30-162954_png.rf.5557f796e70a5c1df1277ed042ce1b8f.jpg,train,2-1161,0.8812,1,D-DDDD,3,mid-confidence,
data/crnn_crops/valid/IMG_6685_jpg.rf.74b56875ee3e5fe2cacdfa33ef7a74db.jpg,valid,1J-5913,0.8812,1,DL-DDDD,3,mid-confidence,
data/crnn_crops/train/IMG_5244_jpg.rf.f92348cda683ea4487a65c827cad0530.jpg,train,2A-9942,0.8814,1,DL-DDDD,3,mid-confidence,
data/crnn_crops/train/IMG_7040_jpg.rf.3c663cc3ee73b6e0e65010c0d183f639.jpg,train,1MH-7196,0.8815,1,DLL-DDDD,3,mid-confidence,
data/crnn_crops/train/IMG_8855_JPG.rf.55eaea8159dc60931480b81a394e8fc6.jpg,train,1F--4163,0.882,1,DL-DDDD,3,mid-confidence,
data/crnn_crops/valid/01bafeaa-5e57-425b-8905-f21ab959b86c_jpg.rf.5440e45c4412c75ac440eea20b11d20f.jpg,valid,2AZ-0291,0.8822,1,DLL-DDDD,3,mid-confidence,
data/crnn_crops/train/images-2-_jpg.rf.0a26ebb7954440488660a66e4f8c068a.jpg,train,1R-8917,0.8827,1,DL-DDDD,3,mid-confidence,
data/crnn_crops/train/maxresdefault_jpg.rf.22ae0f3dcc4ff616f1597dd9c0e856c7.jpg,train,1-8089,0.8831,1,D-DDDD,3,mid-confidence,
data/crnn_crops/train/IMG_8510_jpg.rf.bf7f108b3ca14df07a35dedd4d4a9d10.jpg,train,2E-6263,0.8838,1,DL-DDDD,3,mid-confidence,
data/crnn_crops/valid/IMG_3685_jpg.rf.f04401d070ce6b34a3979eff3105a0e4.jpg,valid,1RP-4305,0.8843,1,DLL-DDDD,3,mid-confidence,
data/crnn_crops/train/maxresdefault-1-_jpg.rf.29e0a1eb51898b34a49e9d2a5a439663.jpg,train,1J-5853,0.8844,1,DL-DDDD,3,mid-confidence,
data/crnn_crops/train/IMG_6266_jpg.rf.de6ec63873962b4a2df5860240bd74a7.jpg,train,1Z-6307,0.8846,1,DL-DDDD,3,mid-confidence,
data/crnn_crops/valid/c7259fe7-71de-46d3-b000-3e84267810e0_jpg.rf.3332ffd75fc1c7104ec1ccc533045c58.jpg,valid,4A-0579,0.8846,1,DL-DDDD,3,mid-confidence,
data/crnn_crops/train/IMG_4157_jpg.rf.c49d0b47c191103075b273b26ea20c42.jpg,train,1H-3701,0.8849,1,DL-DDDD,3,mid-confidence,
data/crnn_crops/train/Kandal-number-plate_28_jpeg.rf.35d8476fb3f4f4d24bdb41ba9f5f066d.jpg,train,1RP-4305,0.885,1,DLL-DDDD,3,mid-confidence,
data/crnn_crops/valid/IMG_9588_jpg.rf.616238674b78eff57aff0065f62a8f9f.jpg,valid,2B-9698,0.8856,1,DL-DDDD,3,mid-confidence,
data/crnn_crops/train/IMG_3306_jpg.rf.79cc554b6b227633d699f612a62bd763.jpg,train,1M-9600,0.8857,1,DL-DDDD,3,mid-confidence,
data/crnn_crops/train/IMG_8886_jpg.rf.5a035bec2f8820fc65c1f49176ac8c53.jpg,train,2AA-1782,0.8859,1,DLL-DDDD,3,mid-confidence,
data/crnn_crops/train/IMG_3687_jpg.rf.260cb51eaa33fab0b2312cda56932e3a.jpg,train,1P-0242,0.8867,1,DL-DDDD,3,mid-confidence,
data/crnn_crops/train/22b508f5-3c15-46a7-b45e-58009d3bb87c_jpg.rf.59709506beac7d86e58900f21f5ae071.jpg,train,3A-0743,0.8872,1,DL-DDDD,3,mid-confidence,
data/crnn_crops/valid/3ba8f982-cd21-48ea-a74e-c47be5225b8a_jpg.rf.e3ee181c1e3125cba2b0b7e68ef1985f.jpg,valid,1J-0237,0.8874,1,DL-DDDD,3,mid-confidence,
data/crnn_crops/train/IMG_9403_jpg.rf.fbe927ba39480baf6432b0b039aecd2a.jpg,train,1L-9096,0.8876,1,DL-DDDD,3,mid-confidence,
data/crnn_crops/train/IMG_9935_jpg.rf.beff91114b13daf209e12c6be40e9418.jpg,train,1S-8901,0.888,1,DL-DDDD,3,mid-confidence,
data/crnn_crops/train/Pursat-number-plate_7_jpeg.rf.107812a7bd509a8922dd534819b2396f.jpg,train,2BS-9348,0.8882,1,DLL-DDDD,3,mid-confidence,
data/crnn_crops/train/IMG_8885_JPG.rf.489a64fbd9e88085b6fefda295469177.jpg,train,1Q-5881,0.8883,1,DL-DDDD,3,mid-confidence,
data/crnn_crops/valid/IMG_9414_jpg.rf.a3200b8ae0f5393d0f24337fec4e2200.jpg,valid,1S-3852,0.8884,1,DL-DDDD,3,mid-confidence,
data/crnn_crops/train/IMG_4832_jpg.rf.bb9d551a20b344f373e21858bb5fdb39.jpg,train,2G-3543,0.8887,1,DL-DDDD,3,mid-confidence,
data/crnn_crops/train/c22429e7-71e8-44be-a434-31c6e0298ffe_jpg.rf.e5ccccaeaed9d6ac677053d993002404.jpg,train,4-0003,0.89,1,D-DDDD,3,mid-confidence,
data/crnn_crops/train/IMG_d7463_JPG.rf.2bc6e6dd54a651adb430c89c4b14d047.jpg,train,2C-1656,0.89,1,DL-DDDD,3,mid-confidence,
data/crnn_crops/valid/22106996_jpg.rf.a5d5397fbcf2b0c7167240f1e0d7c3b9.jpg,valid,2-0169,0.8901,1,D-DDDD,3,mid-confidence,
data/crnn_crops/train/IMG_9535_jpg.rf.8d94afc7889b1d4cd521507b7abcbcff.jpg,train,1B-2240,0.8902,1,DL-DDDD,3,mid-confidence,
data/crnn_crops/valid/0d0d91c9-9dd6-4886-8214-feb18ca1ce3f_jpg.rf.415da834e42614dc4cca4925d26e0b24.jpg,valid,6A-0016,0.8907,1,DL-DDDD,3,mid-confidence,
data/crnn_crops/train/IMG_3441_jpg.rf.c170ff1dd7649c860d59ddf854214c5a.jpg,train,1A-3118,0.8914,1,DL-DDDD,3,mid-confidence,
data/crnn_crops/train/IMG_3324_jpg.rf.c5c4700c78fd91f314b2eb8a5c739752.jpg,train,1B-0107,0.8915,1,DL-DDDD,3,mid-confidence,
data/crnn_crops/train/IMG_8814_JPG.rf.4f9342f68fc6aa9ecda380517e8b70fa.jpg,train,4AE-9499,0.8916,1,DLL-DDDD,3,mid-confidence,
data/crnn_crops/train/IMG_8737_jpg.rf.0c2f1af8f345eeb78011e20de5b5e136.jpg,train,1-3889,0.8918,1,D-DDDD,3,mid-confidence,
data/crnn_crops/train/images-21-_jpg.rf.97bcdf6ba78d5789d30cc85834570c36.jpg,train,1G-7658,0.8924,1,DL-DDDD,3,mid-confidence,
data/crnn_crops/train/IMG_5425_jpg.rf.d9957c29b59d3815a1ad9582f89b0dfc.jpg,train,1G-7658,0.8924,1,DL-DDDD,3,mid-confidence,
data/crnn_crops/train/IMG_6650_jpg.rf.d34a04e696502a53d9d032d6346c774f.jpg,train,1N-7702,0.8934,1,DL-DDDD,3,mid-confidence,
data/crnn_crops/train/IMG_4985_jpg.rf.a8d14797052101c189715de04097d282.jpg,train,1B-0107,0.8941,1,DL-DDDD,3,mid-confidence,
data/crnn_crops/valid/4120aba3-a7e6-4d01-97ef-0d9a9f01d7bc_jpg.rf.831bc1397e69ff15694ac9dad084276b.jpg,valid,4A-0386,0.8942,1,DL-DDDD,3,mid-confidence,
data/crnn_crops/train/Screenshot-2023-05-10-142556_png.rf.610bc929c344b32367f982ed1571bdfe.jpg,train,2AA-0028,0.8943,1,DLL-DDDD,3,mid-confidence,
data/crnn_crops/train/IMG_3868_jpg.rf.0b1100c2c877da7b05bd0c7835f49610.jpg,train,4R-3406,0.8945,1,DL-DDDD,3,mid-confidence,
data/crnn_crops/train/Screenshot-2023-05-11-110245_png.rf.54509f3dc248e9431aa5719c04a57c95.jpg,train,2A-0303,0.8948,1,DL-DDDD,3,mid-confidence,
data/crnn_crops/train/IMG_9008_jpg.rf.e93c5be865a6b1a9dd3db781d26343b1.jpg,train,3-4249,0.8957,1,D-DDDD,3,mid-confidence,
data/crnn_crops/train/Screenshot-2023-05-10-163605_png.rf.627386d238c593c3a6c7f6df1cd4c619.jpg,train,2AA-0085,0.8957,1,DLL-DDDD,3,mid-confidence,
data/crnn_crops/train/IMG_5486_jpg.rf.369a1098c91dd568dee094987c6d9bdc.jpg,train,2E-5599,0.8958,1,DL-DDDD,3,mid-confidence,
data/crnn_crops/train/IMG_8638_jpg.rf.2f65f2c8a01d3b765095737374631411.jpg,train,2AE-8830,0.8958,1,DLL-DDDD,3,mid-confidence,
data/crnn_crops/train/IMG_9463_jpg.rf.f1e6850b8d1b0348e057a0c389567d2b.jpg,train,4M-3335,0.8958,1,DL-DDDD,3,mid-confidence,
data/crnn_crops/train/IMG_8795_JPG.rf.4aaf74350a7e2bc3a115476ee96bf80a.jpg,train,1A-2171,0.8961,1,DL-DDDD,3,mid-confidence,
data/crnn_crops/train/Kampot-number-plate_3_jpeg.rf.91bd81ac4d4ed1373d4c5e56aba9e551.jpg,train,1A-4426,0.8963,1,DL-DDDD,3,mid-confidence,
data/crnn_crops/train/IMG_4247_jpg.rf.4468cef8f9e7ac671a6e71f6873098d1.jpg,train,1G-4160,0.8969,1,DL-DDDD,3,mid-confidence,
data/crnn_crops/train/IMG_3592_jpg.rf.828d0c4c90cfe588b432e3d36783e1bc.jpg,train,1B-1456,0.897,1,DL-DDDD,3,mid-confidence,
data/crnn_crops/train/IMG_8271_jpg.rf.3a4cd58934e8f39e1664775110ff5386.jpg,train,1G-7988,0.897,1,DL-DDDD,3,mid-confidence,
data/crnn_crops/train/8ac0ab281af34a0384c9fcf046c9cab7_jpg.rf.66993366ef1cade5099f4b0a4770517b.jpg,train,3-4249,0.8974,1,D-DDDD,3,mid-confidence,
data/crnn_crops/train/IMG_8654_JPG.rf.7349a33f76a90c4651f0fda7b1b7f5e8.jpg,train,1H-8777,0.8981,1,DL-DDDD,3,mid-confidence,
data/crnn_crops/train/IMG_8526_JPG.rf.c64a34b2185e7e48135989908a8faf55.jpg,train,1B-5797,0.8986,1,DL-DDDD,3,mid-confidence,
data/crnn_crops/train/ebb5d8b1-836b-4d47-acbd-1700f4c2bd66_jpg.rf.013b21c082d303dad9e5d02d2933a806.jpg,train,2-0010,0.8987,1,D-DDDD,3,mid-confidence,
data/crnn_crops/train/IMG_3476_jpg.rf.9e48612d9b33e8f03ca4ba4d76ca4a8b.jpg,train,2C-6336,0.8987,1,DL-DDDD,3,mid-confidence,
data/crnn_crops/valid/715c3d6f-22c4-4a65-b4ee-4d27df8bf616_jpg.rf.2a38ef39089524eed5d0edab59d8f71a.jpg,valid,3-0033,0.8992,1,D-DDDD,3,mid-confidence,
data/crnn_crops/valid/IMG_8503_jpg.rf.778aa8d91ec9cb12608c9cd64464f7fe.jpg,valid,2A-6052,0.8992,1,DL-DDDD,3,mid-confidence,
data/crnn_crops/valid/IMG_d7820_JPG.rf.762f827f3d74cdea9778b8c0c3038001.jpg,valid,1A-4722,0.8995,1,DL-DDDD,3,mid-confidence,
data/crnn_crops/train/IMG_20220227_222709_709_jpg.rf.1811da09820ea5eb4f4d09172013fd5a.jpg,train,2C-6336,0.8997,1,DL-DDDD,3,mid-confidence,
data/crnn_crops/train/skljreiajlja_jpg.rf.1d42d3c3b585b4d95382b84807b095ce.jpg,train,1J-2250,0.8997,1,DL-DDDD,3,mid-confidence,
data/crnn_crops/train/IMG_9044_JPG.rf.e641cd21b061f7332da76fbbb951ab24.jpg,train,1M-7063,0.8998,1,DL-DDDD,3,mid-confidence,
data/crnn_crops/train/c289243d-94ef-4434-83fc-4dc6b974cfac_jpg.rf.b4c17f3d3ccc3b3d141ef33120324dfb.jpg,train,4-0039,0.9,1,D-DDDD,3,mid-confidence,
data/crnn_crops/train/aef2b1d1-390c-4b41-9fd7-2b38ede6b9e6_jpg.rf.e82ce0605f3fb4ac84325227adf421d8.jpg,train,3-0216,0.9003,1,D-DDDD,4,model-confident,
data/crnn_crops/train/images_jpg.rf.ce82540c0a51ae25ccfd4b828531270a.jpg,train,1J-8626,0.9005,1,DL-DDDD,4,model-confident,
data/crnn_crops/train/IMG_7692_jpg.rf.ed823839157f7a88c5bceb4c94a7b209.jpg,train,1A-3200,0.9005,1,DL-DDDD,4,model-confident,
data/crnn_crops/train/postnews-com-kh-2022-09-2dkdkd6_10-37-17_jpg.rf.df5e637bbe1e36ce08c53037120b42d2.jpg,train,4D-4788,0.9005,1,DL-DDDD,4,model-confident,
data/crnn_crops/train/images-11-_jpg.rf.16a27fbf693f4ef22e46a9e4da181a9c.jpg,train,1T-3021,0.9009,1,DL-DDDD,4,model-confident,
data/crnn_crops/valid/IMG_3752_jpg.rf.9fca137ac8bacfaabc4ea3764b28b102.jpg,valid,2A-8936,0.9009,1,DL-DDDD,4,model-confident,
data/crnn_crops/train/IMG_4009_jpg.rf.d328ae8b6965bc324aad27f736379ff0.jpg,train,1AH-5117,0.9012,1,DLL-DDDD,4,model-confident,
data/crnn_crops/valid/IMG_8268_jpg.rf.a1c4fcdac73cfefec7fa4ebbfc135311.jpg,valid,1B-2647,0.9018,1,DL-DDDD,4,model-confident,
data/crnn_crops/valid/14a87aff-16c6-4a4a-a65d-6e58b410588d_jpg.rf.c6d7db7dca7aba35011431a5332d68d2.jpg,valid,4A-0279,0.9021,1,DL-DDDD,4,model-confident,
data/crnn_crops/valid/27280903_jpg.rf.21308452675dbc6bc7d881248028e540.jpg,valid,2-0002,0.9023,1,D-DDDD,4,model-confident,
data/crnn_crops/train/IMG_7850_jpg.rf.5f185d3177cc80e27c05d7b437b64065.jpg,train,1I-6389,0.9028,1,DL-DDDD,4,model-confident,
data/crnn_crops/train/IMG_4716_jpg.rf.c1e6fc0aa4cc994470235ca33b97b6b4.jpg,train,1G-8458,0.9031,1,DL-DDDD,4,model-confident,
data/crnn_crops/valid/dream-c125-2022-765948168213007611144845-e_jpg.rf.949f4978526b9861386fba3a47fab6a0.jpg,valid,1R-2091,0.9033,1,DL-DDDD,4,model-confident,
data/crnn_crops/valid/IMG_3960_jpg.rf.24eba96cdcf3b5a49ea0f228e9cd2aa3.jpg,valid,1B-3889,0.9035,1,DL-DDDD,4,model-confident,
data/crnn_crops/train/d00f7e94-3791-4431-aecb-a76a87245684_jpg.rf.87cf9592fe3fc8c9ac2bb7598da875d4.jpg,train,3-0199,0.904,1,D-DDDD,4,model-confident,
data/crnn_crops/train/Pailin-number-plate_3_jpeg.rf.29eea3295c4d462a5f61c6014d5f1562.jpg,train,3B-0819,0.9043,1,DL-DDDD,4,model-confident,
data/crnn_crops/train/IMG_4075_jpg.rf.421d300ab39b7e86143815306632d0f8.jpg,train,1Q-1516,0.9045,1,DL-DDDD,4,model-confident,
data/crnn_crops/train/Screenshot-2023-05-30-162910_png.rf.4f778c7b85ea359eaa3ac9ee5c81b2af.jpg,train,2A-4161,0.9045,1,DL-DDDD,4,model-confident,
data/crnn_crops/train/IMG_3604_jpg.rf.15cea1f6e405cb3845b1e670d5d99910.jpg,train,2-0164,0.9046,1,D-DDDD,4,model-confident,
data/crnn_crops/train/Screenshot-2025-03-24-at-4_51_48-in-the-afternoon_jpg.rf.081208a28163ff7dc101c11776f91607.jpg,train,2A-1888,0.9047,1,DL-DDDD,4,model-confident,
data/crnn_crops/valid/1000342515_jpg.rf.8db602d769adde88157e6ce14aec12c3.jpg,valid,2-9876,0.9047,1,D-DDDD,4,model-confident,
data/crnn_crops/train/Screenshot-2023-05-10-134247_png.rf.3ebf31a71d1c92ff080ce95a4c5760e5.jpg,train,2A-0082,0.9051,1,DL-DDDD,4,model-confident,
data/crnn_crops/valid/IMG_6438_jpg.rf.999516ebb4f897011f1dbb4d408a46a5.jpg,valid,1P-3467,0.9052,1,DL-DDDD,4,model-confident,
data/crnn_crops/valid/Kandal-number-plate_19_jpeg.rf.6791d90dfba5192a3932c7e756951fa5.jpg,valid,1P-3467,0.9052,1,DL-DDDD,4,model-confident,
data/crnn_crops/valid/IMG_8532_JPG.rf.c1b6481895dce340a98954cea6454e49.jpg,valid,1D-3032,0.9055,1,DL-DDDD,4,model-confident,
data/crnn_crops/train/IMG_5288_jpg.rf.6613d70d28d211223433273f422ac9e4.jpg,train,1G-6367,0.9056,1,DL-DDDD,4,model-confident,
data/crnn_crops/train/aa4496c8-7ea1-48d6-8272-d01afba1ed40_jpg.rf.2b5f45320484cf30b29c0f0ac8f92756.jpg,train,2-0018,0.9057,1,D-DDDD,4,model-confident,
data/crnn_crops/train/IMG_5529_jpg.rf.628917e57814d12387b2efcf3f88fa55.jpg,train,2A-5027,0.9057,1,DL-DDDD,4,model-confident,
data/crnn_crops/train/IMG_1148_jpg.rf.7d4f1662584a63d6954d9255c0a32942.jpg,train,2B-4656,0.9058,1,DL-DDDD,4,model-confident,
data/crnn_crops/valid/0fe6d397-4860-455c-92b0-5c02b63f0085_jpg.rf.d2cedba08928bb3db561e0557aa91d94.jpg,valid,2D-8821,0.9058,1,DL-DDDD,4,model-confident,
data/crnn_crops/train/Screenshot-2023-05-10-163911_png.rf.63064f0da3a4ca13e541893d82036757.jpg,train,2A-0068,0.9059,1,DL-DDDD,4,model-confident,
data/crnn_crops/train/d2e16619-b4be-4c26-b72e-0bea97a5ae75_jpg.rf.5f546d4c8a78494ecfbbb8759db6af6d.jpg,train,4A-2695,0.906,1,DL-DDDD,4,model-confident,
data/crnn_crops/valid/22857971_jpg.rf.993f103fb38f4199fb3bf99561910fff.jpg,valid,2-0487,0.906,1,D-DDDD,4,model-confident,
data/crnn_crops/train/IMG_4780_jpg.rf.27601896876caf07657ef667e1c4d307.jpg,train,1Q-9586,0.9062,1,DL-DDDD,4,model-confident,
data/crnn_crops/train/scion-2004-32084516794597kdfk2470664051-b_jpg.rf.9f02118028f031150c73dd9a410c23c9.jpg,train,2A-0756,0.9067,1,DL-DDDD,4,model-confident,
data/crnn_crops/train/IMG_8940_jpg.rf.7baae79549cb0ad1162221964d6e15f4.jpg,train,2BA-7556,0.9068,1,DLL-DDDD,4,model-confident,
data/crnn_crops/train/IMG_3165_jpg.rf.755290c85a4f19b02a129ed38e244876.jpg,train,2A-0145,0.907,1,DL-DDDD,4,model-confident,
data/crnn_crops/train/IMG_d7716_JPG.rf.c542028e87445317e2ea86bbbd8ec5a3.jpg,train,1G-4872,0.9074,1,DL-DDDD,4,model-confident,
data/crnn_crops/train/e6abd632-75fc-4b0b-884d-07ac3823b461_jpg.rf.2627e0a4cda6485036258ef310abcacf.jpg,train,3-0104,0.9075,1,D-DDDD,4,model-confident,
data/crnn_crops/train/photo_2023-05-31_16-48-05_jpg.rf.da919c0b7d65cf1dfb122055c4b415bb.jpg,train,1E-8496,0.9075,1,DL-DDDD,4,model-confident,
data/crnn_crops/valid/27003361_jpg.rf.128d0624763f1ef60ea51b58844605f7.jpg,valid,2-0044,0.9076,1,D-DDDD,4,model-confident,
data/crnn_crops/train/Preah-Vihear-number-plate_16_jpeg.rf.57caec4b717a66524922557736fb3a1a.jpg,train,2AD-2562,0.9079,1,DLL-DDDD,4,model-confident,
data/crnn_crops/train/images-18-_jpg.rf.87674757372426b4636aac7ef24e8855.jpg,train,1H-7403,0.908,1,DL-DDDD,4,model-confident,
data/crnn_crops/train/IMG_5912_jpg.rf.ba9ff1f52cbf50f50f1c38b7e0496710.jpg,train,1S-9758,0.9083,1,DL-DDDD,4,model-confident,
data/crnn_crops/valid/IMG_7948_jpg.rf.ad09c469a091d5db9c7a644862f301c2.jpg,valid,2C-4012,0.9085,1,DL-DDDD,4,model-confident,
data/crnn_crops/valid/7508e3bf-d09f-48cf-9795-054437df02af_jpg.rf.98e225af094fa98131a414af64bbc413.jpg,valid,4-0065,0.9086,1,D-DDDD,4,model-confident,
data/crnn_crops/train/bab28a73-cfae-43e7-ae02-69f3bbe32886_jpg.rf.d9f6da9ee427b82ca3f00e0ba6970a7c.jpg,train,4A-0012,0.9087,1,DL-DDDD,4,model-confident,
data/crnn_crops/train/IMG_4494_jpg.rf.27d457f3a7f52e33646f22d8e95fb2a8.jpg,train,2M-6516,0.9088,1,DL-DDDD,4,model-confident,
data/crnn_crops/train/Screenshot-2023-05-30-162629_png.rf.848268b25a023014dea8c8df70144631.jpg,train,1-1448,0.9088,1,D-DDDD,4,model-confident,
data/crnn_crops/valid/IMG_3013_jpg.rf.11232e25af963452ab04b2071ceb931a.jpg,valid,1F-4392,0.9092,1,DL-DDDD,4,model-confident,
data/crnn_crops/train/photo_2023-05-31_16-45-53_jpg.rf.4c636b9c90c87f80f7368a8e13c83f4c.jpg,train,1E-5533,0.9093,1,DL-DDDD,4,model-confident,
data/crnn_crops/valid/IMG_2952_jpg.rf.c5dad37e4dc71eaeb7255bf8f2d3d16b.jpg,valid,1J-5853,0.91,1,DL-DDDD,4,model-confident,
data/crnn_crops/train/IMG_7236_jpg.rf.6c93ee6d1e3c8b102c6899a1698d862c.jpg,train,1E-5533,0.9102,1,DL-DDDD,4,model-confident,
data/crnn_crops/valid/images-1-_jpg.rf.bdd08e21bb8841d426eaf77efae86774.jpg,valid,1G-7988,0.9103,1,DL-DDDD,4,model-confident,
data/crnn_crops/train/IMG_7358_jpg.rf.d35191ccb5371ab15673f396c6a70ec6.jpg,train,1Q-0537,0.9104,1,DL-DDDD,4,model-confident,
data/crnn_crops/valid/photo_2023-05-31_16-46-05_jpg.rf.07950417b2668241656536502e940560.jpg,valid,1G-3243,0.911,1,DL-DDDD,4,model-confident,
data/crnn_crops/train/IMG_3094_jpg.rf.4180b0fddcd8a1a5d29870f7e95e9b45.jpg,train,1AH-6064,0.9112,1,DLL-DDDD,4,model-confident,
data/crnn_crops/train/IMG_102_jpg.rf.6f99fa32ddf397c2b29680cd13ef0d44.jpg,train,1B-2674,0.9114,1,DL-DDDD,4,model-confident,
data/crnn_crops/valid/Screenshot-2023-05-11-100930_png.rf.4622bdc525816ef25bc96c109b6cb411.jpg,valid,2A-0091,0.9114,1,DL-DDDD,4,model-confident,
data/crnn_crops/train/IMG_8809_JPG.rf.fbc1de26c1165a640b2a62798a47e7e4.jpg,train,1G-2377,0.9115,1,DL-DDDD,4,model-confident,
data/crnn_crops/train/IMG_4964_jpg.rf.3d94262ad9bf9f59e1b4b05887e33e96.jpg,train,2A-1320,0.9116,1,DL-DDDD,4,model-confident,
data/crnn_crops/train/IMG_9431_jpg.rf.1efadf2966425384be6edc9ba2634c13.jpg,train,1G-5721,0.9119,1,DL-DDDD,4,model-confident,
data/crnn_crops/valid/1000033063_jpg.rf.773c81147993b9a336b810ffe3e0e276.jpg,valid,2F-8990,0.9122,1,DL-DDDD,4,model-confident,
data/crnn_crops/train/b4add3c5-3811-4478-8504-11e0d4f0a1c9_jpg.rf.52486677add381a55ca1c8bbaa81bfb6.jpg,train,3-0212,0.9126,1,D-DDDD,4,model-confident,
data/crnn_crops/train/Screenshot-2023-05-10-134229_png.rf.8d02d7d3a07193b0fd8338af977fc8c5.jpg,train,2A-0037,0.9126,1,DL-DDDD,4,model-confident,
data/crnn_crops/valid/Screenshot-2023-05-11-101050_png.rf.65d3f8c7d2410af736fbada4191ebc54.jpg,valid,2A-0244,0.9126,1,DL-DDDD,4,model-confident,
data/crnn_crops/valid/Screenshot-2023-05-10-163546_png.rf.2352f2aab7a3556ac224c03cb436d289.jpg,valid,2AA-0080,0.9133,1,DLL-DDDD,4,model-confident,
data/crnn_crops/valid/abef0361-4a8b-4504-9a79-52ad039b0682_jpg.rf.71e99c324a8bf76148cdbe742901d906.jpg,valid,2-1101,0.9135,1,D-DDDD,4,model-confident,
data/crnn_crops/valid/abef0361-4a8b-4504-9a79-52ad039b0682_jpg.rf.e3d4235b50d146f77b6d6f60111004ae.jpg,valid,2-1101,0.9135,1,D-DDDD,4,model-confident,
data/crnn_crops/train/Screenshot-2023-05-10-135551_png.rf.c18280b91fe1e928784c24321b583f98.jpg,train,2A-0217,0.9137,1,DL-DDDD,4,model-confident,
data/crnn_crops/train/IMG_5191_jpg.rf.a8bfa745eea9db8424b77f6070348181.jpg,train,1H-5033,0.9139,1,DL-DDDD,4,model-confident,
data/crnn_crops/valid/IMG_5627_jpg.rf.85f9e6bb3f8143e810c71808ed54975f.jpg,valid,3A-0086,0.9139,1,DL-DDDD,4,model-confident,
data/crnn_crops/valid/IMG_5216_jpg.rf.b1f52c7f2c80f469e2fed1c48423dc4a.jpg,valid,1H-3998,0.914,1,DL-DDDD,4,model-confident,
data/crnn_crops/train/IMG_9538_jpg.rf.44b6f6cd2cf2fb36570cc28e7bc5e740.jpg,train,2B-9775,0.9145,1,DL-DDDD,4,model-confident,
data/crnn_crops/valid/skjorewjvlxjsslrfjiwenfv_jpg.rf.159cc3c05517ff8daf8c1c138b6599d2.jpg,valid,2B-9775,0.9145,1,DL-DDDD,4,model-confident,
data/crnn_crops/valid/photo_2021-12-30_11-01-04_jpg.rf.448b05923b31577e22cc274e2dcd958c.jpg,valid,2-5117,0.9147,1,D-DDDD,4,model-confident,
data/crnn_crops/train/IMG_8098_jpg.rf.fff561b4b5f32eeb6bbaf92215a5a0c8.jpg,train,2A-7195,0.9148,1,DL-DDDD,4,model-confident,
data/crnn_crops/valid/Phnom-Penh-number-plate_27_jpeg.rf.f19e1cb9bc45ca39cc675bce1d2707bd.jpg,valid,1AQ-2901,0.9152,1,DLL-DDDD,4,model-confident,
data/crnn_crops/train/IMG_8007_jpg.rf.b3c39197f6f210f590cdb2046f0597e7.jpg,train,1A-4945,0.9155,1,DL-DDDD,4,model-confident,
data/crnn_crops/valid/1074d708-3c52-4b80-8baf-ee64f0087518_jpg.rf.8f86d3945c7831e4ac578698277b829c.jpg,valid,1P-1744,0.9155,1,DL-DDDD,4,model-confident,
data/crnn_crops/train/iBjmYLR_jpg.rf.7f6f81465c367a60b33db18522898490.jpg,train,2C-9648,0.9159,1,DL-DDDD,4,model-confident,
data/crnn_crops/train/images-10-_jpg.rf.5e4a9a089670506b8e36be9ab2b20b88.jpg,train,1N-6165,0.9161,1,DL-DDDD,4,model-confident,
data/crnn_crops/train/IMG_9837_jpg.rf.96b0959680632a13ce45919eb195d9c3.jpg,train,1I-3021,0.9161,1,DL-DDDD,4,model-confident,
data/crnn_crops/train/IMG_6448_jpg.rf.fccda0cadda99732627e64aef3dc4503.jpg,train,1L-3191,0.9162,1,DL-DDDD,4,model-confident,
data/crnn_crops/train/IMG_4155_jpg.rf.398e50a46566d4c71e2b4fcd54330a97.jpg,train,1A-2266,0.9163,1,DL-DDDD,4,model-confident,
data/crnn_crops/valid/IMG_4942_jpg.rf.664cc85578d49360fefcb5e5faa266ee.jpg,valid,2B-2020,0.9164,1,DL-DDDD,4,model-confident,
data/crnn_crops/train/IMG_d3206_JPG.rf.88fb79bb18ca561ffa6d1c5dfe2954b9.jpg,train,2D-8050,0.9165,1,DL-DDDD,4,model-confident,
data/crnn_crops/train/Screenshot-2023-05-10-143222_png.rf.9bc700f43ba4a1b66ca8670fbb97b915.jpg,train,2AA-0343,0.9166,1,DLL-DDDD,4,model-confident,
data/crnn_crops/valid/IMG_5810_jpg.rf.c1250543ec8a2c7041a84144d8b5218b.jpg,valid,1N-6165,0.9166,1,DL-DDDD,4,model-confident,
data/crnn_crops/valid/Prey-Veng-number-plate_12_jpeg.rf.5edd5e87c7a2d5e6f95ce5e7ba2a82f3.jpg,valid,1-1077,0.9168,1,D-DDDD,4,model-confident,
data/crnn_crops/train/Screenshot-2023-05-11-110200_png.rf.ba5004b896a67698480aacd68e83bc8b.jpg,train,2A-0163,0.9169,1,DL-DDDD,4,model-confident,
data/crnn_crops/train/e3c3aa5a-84bf-49a5-8ef8-3a0e86bd942c_jpg.rf.c142c1453b12fc78db5c6c7afb9118c2.jpg,train,3-0214,0.9171,1,D-DDDD,4,model-confident,
data/crnn_crops/train/IMG_1088_jpg.rf.8a46ffef67e7980497720486521e40f9.jpg,train,2A-8882,0.9171,1,DL-DDDD,4,model-confident,
data/crnn_crops/train/IMG_4765_jpg.rf.a316396b2db7540193af313def9765fb.jpg,train,1J-9756,0.9171,1,DL-DDDD,4,model-confident,
data/crnn_crops/train/Kampot-number-plate_6_jpeg.rf.5ea96bf98e55eacb1b6502bda6d8ab54.jpg,train,1G-7197,0.9171,1,DL-DDDD,4,model-confident,
data/crnn_crops/train/Screenshot-2023-05-10-163700_png.rf.836bd229cad92b045adaaac804f6cb59.jpg,train,2AA-0106,0.9171,1,DLL-DDDD,4,model-confident,
data/crnn_crops/train/IMG_4620_jpg.rf.5bab9395d4e5d704738d350c5d7f0524.jpg,train,1H-1175,0.9172,1,DL-DDDD,4,model-confident,
data/crnn_crops/valid/7077b43b-9392-467b-835a-72e6a335eadf_jpg.rf.0a03e9d42c24e3a084b8f088b04075b2.jpg,valid,3A-5368,0.9172,1,DL-DDDD,4,model-confident,
data/crnn_crops/valid/images-6-_jpg.rf.a62d9651ce69c8580d81a4ddce5126be.jpg,valid,1AH-0245,0.9174,1,DLL-DDDD,4,model-confident,
data/crnn_crops/train/images-12-_jpg.rf.a2c94ec3147a1eb9e8e32ad6b113decf.jpg,train,1G-5721,0.9176,1,DL-DDDD,4,model-confident,
data/crnn_crops/train/IMG_5055_jpg.rf.a85211544a86fd04c7ff7d336c381b95.jpg,train,1K-8815,0.9176,1,DL-DDDD,4,model-confident,
data/crnn_crops/valid/IMG_2806_jpg.rf.ebe3bc6fb8678c3cefc722109947d02f.jpg,valid,2B-2235,0.9178,1,DL-DDDD,4,model-confident,
data/crnn_crops/valid/IMG_8804_JPG.rf.5dc712b24d2d1b12c7b49178318fb812.jpg,valid,1U-5280,0.9179,1,DL-DDDD,4,model-confident,
data/crnn_crops/train/IMG_4163_jpg.rf.c905a45e708e3e2d24b9ac279a44c482.jpg,train,2C-2189,0.918,1,DL-DDDD,4,model-confident,
data/crnn_crops/train/IMG_5269_jpg.rf.c3afcd8a643b357d62c71fac61dacef1.jpg,train,3A-0280,0.918,1,DL-DDDD,4,model-confident,
data/crnn_crops/train/IMG_6007_jpg.rf.0237b468be2e3b69918777ad3a01d18a.jpg,train,2AG-5193,0.918,1,DLL-DDDD,4,model-confident,
data/crnn_crops/train/fcfddfe2-6c52-42dc-9f39-0a6245586cd8_jpg.rf.1e7dccfb7e34b449d584b761376e60ed.jpg,train,3-0209,0.9186,1,D-DDDD,4,model-confident,
data/crnn_crops/train/IMG_8205_jpg.rf.ab68efba8526add1f49b9e4300879fda.jpg,train,2BY-8955,0.9186,1,DLL-DDDD,4,model-confident,
data/crnn_crops/train/Kandal-number-plate_30_jpeg.rf.ce582342212b684d20f825c7287a5791.jpg,train,1H-1175,0.9187,1,DL-DDDD,4,model-confident,
data/crnn_crops/train/IMG_3882_jpg.rf.ff3c2c3b3a1e03975584d229839f1546.jpg,train,2B-2020,0.9189,1,DL-DDDD,4,model-confident,
data/crnn_crops/train/photo_2019-08-16_10-45-54_jpg.rf.3051e67471008d37459000943145bf05.jpg,train,3A-1119,0.9189,1,DL-DDDD,4,model-confident,
data/crnn_crops/valid/100009766d_jpg.rf.3fee9497dfbcf9f3aeef7704acb82581.jpg,valid,2CD-9075,0.919,1,DLL-DDDD,4,model-confident,
data/crnn_crops/valid/IMG_5126_jpg.rf.ff5bf548d78c6673702cfec7c6eb2b20.jpg,valid,2P-6316,0.9192,1,DL-DDDD,4,model-confident,
data/crnn_crops/valid/IMG_8148_jpg.rf.9ff23fa100b6a475f927dab9ff2e9f7e.jpg,valid,3A-1119,0.9193,1,DL-DDDD,4,model-confident,
data/crnn_crops/valid/Kandal-number-plate_20_jpeg.rf.f4d6c723621695d5732cb87299e8e7c6.jpg,valid,2A-0210,0.9196,1,DL-DDDD,4,model-confident,
data/crnn_crops/train/32f1a941-faa5-4802-babd-4cb234b38915_jpg.rf.25ffb65411f16945fed3ec05af1fb3b5.jpg,train,4A-0897,0.9197,1,DL-DDDD,4,model-confident,
data/crnn_crops/train/kdsfnskgfs_jpg.rf.c64660fc8e744df34bbcf83f6ecb1639.jpg,train,1Q-6067,0.9198,1,DL-DDDD,4,model-confident,
data/crnn_crops/valid/6fd6057a-cab5-4235-b0ae-0a1c0e2a3331_jpg.rf.50baa0b761a6027cbdfd9d842415f466.jpg,valid,4A-2659,0.9199,1,DL-DDDD,4,model-confident,
data/crnn_crops/train/IMG_6781_jpg.rf.9a38cc08250722ef61690522e41fea35.jpg,train,2AL-1385,0.92,1,DLL-DDDD,4,model-confident,
data/crnn_crops/train/f3b1097c-46dc-444e-b680-d091ac3d92a1_jpg.rf.c2e04f990a8927ad1355dd3b83c22734.jpg,train,3-0104,0.9204,1,D-DDDD,4,model-confident,
data/crnn_crops/train/IMG_9461_jpg.rf.4d1a0871074a2c7a3f4453f75f55229e.jpg,train,1H-5121,0.9204,1,DL-DDDD,4,model-confident,
data/crnn_crops/train/Kratie-number-plate_11_jpeg.rf.a6f3d2196c968e89af44c73296c03c1a.jpg,train,2AZ-0991,0.9205,1,DLL-DDDD,4,model-confident,
data/crnn_crops/train/images-9-_jpg.rf.6782791f5fb94622efa75643404d48db.jpg,train,1B-1456,0.9206,1,DL-DDDD,4,model-confident,
data/crnn_crops/train/IMG_3796_jpg.rf.fc07f83a77059328f6e661e7bb8f7aea.jpg,train,2A-9084,0.9206,1,DL-DDDD,4,model-confident,
data/crnn_crops/valid/5fb4ab99-ba94-4ff3-be5c-c773ff7876a5_jpg.rf.acd3c7197aba8a7761d1c5cd3514b2b7.jpg,valid,4A-0847,0.9206,1,DL-DDDD,4,model-confident,
data/crnn_crops/train/IMG_2950_jpg.rf.ada9a6eb9235a4393629b65faf8d3585.jpg,train,1A-7473,0.9209,1,DL-DDDD,4,model-confident,
data/crnn_crops/train/IMG_d6912_JPG.rf.82522d8ec1251882bc4ddfeec31072e4.jpg,train,1-5270,0.9209,1,D-DDDD,4,model-confident,
data/crnn_crops/train/fffddc36-b61e-47c4-920c-84799d77e20e_jpg.rf.c7c10155b1cec50c30163cf4f723ed9d.jpg,train,3-0199,0.921,1,D-DDDD,4,model-confident,
data/crnn_crops/train/Screenshot-2025-03-24-at-4_50_22-in-the-afternoon_jpg.rf.8a41d6cbca39cae1213af9e57893a448.jpg,train,2A-6789,0.921,1,DL-DDDD,4,model-confident,
data/crnn_crops/valid/IMG_9375_jpg.rf.f9b99f08723932cd4fbe90d1dafc062d.jpg,valid,1Z-8520,0.9213,1,DL-DDDD,4,model-confident,
data/crnn_crops/valid/Takeo-number-plate_3_jpeg.rf.b5eaffd0a7c6fdd8b34176649576657e.jpg,valid,1Z-8520,0.9213,1,DL-DDDD,4,model-confident,
data/crnn_crops/train/Screenshot-2023-05-10-163624_png.rf.74727a67f7d8e5273d48f6c228532f61.jpg,train,2A-0093,0.9214,1,DL-DDDD,4,model-confident,
data/crnn_crops/valid/c6ce522b-8460-46e9-931e-c205fc91aa0d_jpg.rf.0c6d013d05e596a8de0483a757165f9c.jpg,valid,3A-2333,0.9214,1,DL-DDDD,4,model-confident,
data/crnn_crops/train/f58d07dc-ac2d-44e4-b5b6-f15d960db427_jpg.rf.b3108e58ff3915895ea5ed10bc2b04c1.jpg,train,3-0213,0.9216,1,D-DDDD,4,model-confident,
data/crnn_crops/train/photo_2021-12-30kfg_11-01-04_jpg.rf.50d57ccadef33e3e3fb54628bc04938e.jpg,train,2-5117,0.9216,1,D-DDDD,4,model-confident,
data/crnn_crops/train/IMG_5128_jpg.rf.d35d22fa0f09ab1cb93b5fc3bc0f586f.jpg,train,2C-9091,0.9218,1,DL-DDDD,4,model-confident,
data/crnn_crops/train/Screenshot-2023-05-10-141807_png.rf.dc78393ea350b61248f41fb90253373b.jpg,train,2A-1540,0.9218,1,DL-DDDD,4,model-confident,
data/crnn_crops/valid/100067ef75_jpg.rf.ac1651d9044430a99a6b850407448e88.jpg,valid,4A-9789,0.9218,1,DL-DDDD,4,model-confident,
data/crnn_crops/valid/fjasiatojbdn-bjekrhgut_jpg.rf.a836589c7ec0c83f97b3336a84d2b1a4.jpg,valid,2C-9091,0.9218,1,DL-DDDD,4,model-confident,
data/crnn_crops/train/Screenshot-2023-05-10-163433_png.rf.cdaab7ecbe735d76169c62208f4e9522.jpg,train,2AA-0037,0.9219,1,DLL-DDDD,4,model-confident,
data/crnn_crops/train/IMG_6962_jpg.rf.1807b19fa4950dab340a9d0e0e5f8cad.jpg,train,2AE-3939,0.922,1,DLL-DDDD,4,model-confident,
data/crnn_crops/train/IMG_8747_JPG.rf.6f1adb9ac2ed4e47ab6866309fada42a.jpg,train,1-1206,0.922,1,D-DDDD,4,model-confident,
data/crnn_crops/valid/dytuikmhnbf_jpg.rf.16902547cd299b23b02a9a8d939788d8.jpg,valid,4P-0000,0.922,1,DL-DDDD,4,model-confident,
data/crnn_crops/train/Kampong-Cham-number-plate_16_jpeg.rf.c3018eb1be55a09a78d675e9482ff1ac.jpg,train,2H-2950,0.9221,1,DL-DDDD,4,model-confident,
data/crnn_crops/valid/100079c3d6_jpg.rf.7f11e423d357d2833fa34d0af28f5f37.jpg,valid,3E-8990,0.9221,1,DL-DDDD,4,model-confident,
data/crnn_crops/valid/IMG_5830_jpg.rf.3ba2c53127dfbd113d1345ddf514bd5c.jpg,valid,2H-2950,0.9221,1,DL-DDDD,4,model-confident,
data/crnn_crops/train/Preah-Sihanouk-number-plate_15_jpeg.rf.b2b7c54561eb774998a6d0331ada7d7f.jpg,train,3A-6686,0.9222,1,DL-DDDD,4,model-confident,
data/crnn_crops/train/Screenshot-2023-05-10-143156_png.rf.6fbbdc0e9f6b000ee648155eedc8c444.jpg,train,2AA-0424,0.9222,1,DLL-DDDD,4,model-confident,
data/crnn_crops/train/c1a43364-bb71-461e-bf15-08589f5306cf_jpg.rf.9760126bc307be47ed21e893a4d211f7.jpg,train,4A-4018,0.9224,1,DL-DDDD,4,model-confident,
data/crnn_crops/train/IMG_8259_jpg.rf.2e3110a13fbd576e5bdcdd9fbb95b971.jpg,train,1D-5192,0.9234,1,DL-DDDD,4,model-confident,
data/crnn_crops/valid/Siem-Reap-number-plate_16_jpeg.rf.4c53e39a9e89bc0431c3a0c9c176592e.jpg,valid,2AF-1622,0.9234,1,DLL-DDDD,4,model-confident,
data/crnn_crops/train/IMG_5981_jpg.rf.158716ef5f4dda528be6527775c25e2a.jpg,train,1I-5927,0.9236,1,DL-DDDD,4,model-confident,
data/crnn_crops/train/download_jpg.rf.3bdccd5afdb35bbc51574f5dd2799c77.jpg,train,3A-2183,0.9238,1,DL-DDDD,4,model-confident,
data/crnn_crops/train/IMG_8240_jpg.rf.5354c545e06f53f7fcab46d074f241d6.jpg,train,3A-7927,0.9238,1,DL-DDDD,4,model-confident,
data/crnn_crops/valid/24262260_jpg.rf.772d9a459487643eee28de04af5615e7.jpg,valid,2-0027,0.9239,1,D-DDDD,4,model-confident,
data/crnn_crops/train/photo_2023-05-31_16-45-52_jpg.rf.71564c4c163cecf52aee9a9b97dbfb1b.jpg,train,1B-8846,0.924,1,DL-DDDD,4,model-confident,
data/crnn_crops/train/Preah-Vihear-number-plate_18_jpeg.rf.b8f4fec987e409ce0f4026e9438f96a3.jpg,train,2AA-2562,0.924,1,DLL-DDDD,4,model-confident,
data/crnn_crops/train/fn-2021-07-08-20-36-23-0_png.rf.1670264712c7816fd78ecc32a3576b80.jpg,train,2A-2626,0.9241,1,DL-DDDD,4,model-confident,
data/crnn_crops/train/postnews-com-kh-2020-01-07_02-29-43_jpg.rf.9293e7633e2837f034c5e76c351db238.jpg,train,1B-0226,0.9241,1,DL-DDDD,4,model-confident,
data/crnn_crops/train/Tboung-Khmum-number-plate_10_jpeg.rf.3d68f19597b1a5552f90ea5643a9c864.jpg,train,1W-6954,0.9243,1,DL-DDDD,4,model-confident,
data/crnn_crops/train/photo_2016-12-13_08-57-04_jpg.rf.8e1034f1d215c93c8a92c6ba6a60c071.jpg,train,1I-4994,0.9244,1,DL-DDDD,4,model-confident,
data/crnn_crops/valid/IMG_7013_jpg.rf.56fae73da8e0d35b74d7d014f01f70c7.jpg,valid,1I-4994,0.9244,1,DL-DDDD,4,model-confident,
data/crnn_crops/valid/IMG_7839_jpg.rf.430c2c00c53e6c99e4371358184aa5e0.jpg,valid,2C-8081,0.9244,1,DL-DDDD,4,model-confident,
data/crnn_crops/train/IMG_8541_jpg.rf.2da79cf278a03fba7aa04346124fa5d5.jpg,train,2A-0145,0.9246,1,DL-DDDD,4,model-confident,
data/crnn_crops/train/IMG_7152_jpg.rf.878de11daa866c42d88212b3f2cd96d0.jpg,train,2A-7966,0.9247,1,DL-DDDD,4,model-confident,
data/crnn_crops/train/jfdhtyigjd_jpg.rf.a23dca037e1eb8aee5d2a52544e5a3ec.jpg,train,3A-2450,0.9247,1,DL-DDDD,4,model-confident,
data/crnn_crops/valid/d45421f4-6f24-4a76-be0a-af4e0abff4f9_jpg.rf.1594a454b26f1c772ace4dba0ca3ba8e.jpg,valid,3A-0213,0.9251,1,DL-DDDD,4,model-confident,
data/crnn_crops/train/license-plate-cambodia-motorcycle-licence-koh-king-province-43477367-1-_jpg.rf.6340b3ec4458c5715fc480130626c1fc.jpg,train,1A-6661,0.9252,1,DL-DDDD,4,model-confident,
data/crnn_crops/valid/maxresdefault_jpg.rf.bca9befa75132578581103fd11515018.jpg,valid,2C-2269,0.9252,1,DL-DDDD,4,model-confident,
data/crnn_crops/train/IMG_3834_jpg.rf.58c7d5f701935b14fc5566897b3f7184.jpg,train,2BE-8895,0.9253,1,DLL-DDDD,4,model-confident,
data/crnn_crops/train/IMG_6046_jpg.rf.f6d57e31c9c726201b6e1dc615b60603.jpg,train,2C-8884,0.9253,1,DL-DDDD,4,model-confident,
data/crnn_crops/valid/IMG_6472_jpg.rf.c0790b742aa0c2453c9ba053986a7c40.jpg,valid,4P-0000,0.9253,1,DL-DDDD,4,model-confident,
data/crnn_crops/train/IMG_6528_jpg.rf.16ff202298f95ff56093fad4cdf99870.jpg,train,1E-4521,0.9254,1,DL-DDDD,4,model-confident,
data/crnn_crops/train/IMG_4810_jpg.rf.bf837b21a4e2757d123226d4b74e5269.jpg,train,1C-9688,0.9256,1,DL-DDDD,4,model-confident,
data/crnn_crops/valid/12e9be8f-8df2-44fa-aff4-c3cac966330a_jpg.rf.7ee01bc174b25f6a64eeff8684df47ee.jpg,valid,3B-2256,0.9257,1,DL-DDDD,4,model-confident,
data/crnn_crops/train/IMG_5699_jpg.rf.c2425606958ad549a07b591e8d37114a.jpg,train,1P-9743,0.9258,1,DL-DDDD,4,model-confident,
data/crnn_crops/train/IMG_6375_jpg.rf.42c7d8863cf04466311b95d7fba21292.jpg,train,1Q-2514,0.9258,1,DL-DDDD,4,model-confident,
data/crnn_crops/valid/083023ijgimizgmb7g7bdn_jpg.rf.39f578c5a575cc770c54e4173b0558e5.jpg,valid,2C-8485,0.9259,1,DL-DDDD,4,model-confident,
data/crnn_crops/train/f48a1208-cabd-4914-bd08-d44103a51592_jpg.rf.5e48c3f26186384a045bca03570fbb22.jpg,train,4-0065,0.9261,1,D-DDDD,4,model-confident,
data/crnn_crops/train/images-4-_jpg.rf.0f5d06e6973061763d1d30a631ed0683.jpg,train,1P-9743,0.9262,1,DL-DDDD,4,model-confident,
data/crnn_crops/train/IMG_2840_jpg.rf.77143298661bd2b4600c635d17d4b8c0.jpg,train,2FE-8990,0.9265,1,DLL-DDDD,4,model-confident,
data/crnn_crops/train/Screenshot-2023-05-10-135526_png.rf.5485e29b3e5a3404f1b94bd786b68700.jpg,train,2A-0190,0.9265,1,DL-DDDD,4,model-confident,
data/crnn_crops/valid/IMG_6825_jpg.rf.b256a691d025130b313448b288fea59c.jpg,valid,3B-6913,0.9266,1,DL-DDDD,4,model-confident,
data/crnn_crops/train/IMG_5054_jpg.rf.b973d4d1ce7e149ad27f902c62668f90.jpg,train,2C-8485,0.9267,1,DL-DDDD,4,model-confident,
data/crnn_crops/valid/download_jpg.rf.70f5865ec641cc45f0f1cb505bb291b1.jpg,valid,2A-0720,0.9269,1,DL-DDDD,4,model-confident,
data/crnn_crops/valid/IMG_8288_jpg.rf.9434e9a46f87ec58ff3168c10741803d.jpg,valid,2A-0720,0.9269,1,DL-DDDD,4,model-confident,
data/crnn_crops/valid/a33ade54-a565-4a5e-90cf-ef421b9f0ed4_jpg.rf.f7e401416a417de75c8139371dc7e35d.jpg,valid,1E-9582,0.9271,1,DL-DDDD,4,model-confident,
data/crnn_crops/train/Screenshot-2023-05-10-163505_png.rf.5c2e794e87b61723f1e29c2eeab574df.jpg,train,2AA-0068,0.9272,1,DLL-DDDD,4,model-confident,
data/crnn_crops/train/cab971d4-8ba9-4a2c-84c5-230cb17939c9_jpg.rf.7e4b759994c8da19a5755b84a79f0b20.jpg,train,3A-0979,0.9274,1,DL-DDDD,4,model-confident,
data/crnn_crops/train/dfwewe_jpg.rf.3b6c9f25b0259be41f1f1b33b3c56a34.jpg,train,1C-6797,0.9276,1,DL-DDDD,4,model-confident,
data/crnn_crops/train/photo_2023-05-31_16-47-21_jpg.rf.70d9a24ce5b8548f2734854df86e7725.jpg,train,1D-6724,0.9276,1,DL-DDDD,4,model-confident,
data/crnn_crops/train/IMG_3363_jpg.rf.b102bb7d0414b2ad0da5081353f5d222.jpg,train,1G-0751,0.9277,1,DL-DDDD,4,model-confident,
data/crnn_crops/train/IMG_9206_jpg.rf.a869bf7293c29e99f399bca69205890c.jpg,train,1A-6309,0.9277,1,DL-DDDD,4,model-confident,
data/crnn_crops/train/pppvvhhhrr_jpeg.rf.88b1194ad8c453ab52539bea431fd5a0.jpg,train,3A-0189,0.9277,1,DL-DDDD,4,model-confident,
data/crnn_crops/train/IMG_9406_jpg.rf.55855aaaa64435140b63ff711153743b.jpg,train,1H-2424,0.9278,1,DL-DDDD,4,model-confident,
data/crnn_crops/train/e96e0d2f-392a-4bd9-968a-a70056e363ed_jpg.rf.09e19252a4ffa90d50158cb1e32008c7.jpg,train,3-0215,0.9279,1,D-DDDD,4,model-confident,
data/crnn_crops/train/for-sale-300gpx-823077167090060948271383-c_jpg.rf.0ecbffd6758f0a467fb9e59ba9990f90.jpg,train,1S-4640,0.9279,1,DL-DDDD,4,model-confident,
data/crnn_crops/train/IMG_5246_jpg.rf.05a48899e2b8d045355c3da9b5a34daf.jpg,train,3A-1067,0.9279,1,DL-DDDD,4,model-confident,
data/crnn_crops/train/IMG_8612_jpg.rf.7b5ab0e8ad87ac904c61471b8ad48629.jpg,train,2A-8268,0.928,1,DL-DDDD,4,model-confident,
data/crnn_crops/train/images-2-_jpg.rf.2bb0970cc955372b5d15e14f87bdbaa8.jpg,train,1B-2674,0.9282,1,DL-DDDD,4,model-confident,
data/crnn_crops/train/IMG_3456_jpg.rf.644aa710f7411fa246943a5f1f28f13e.jpg,train,2P-9076,0.9282,1,DL-DDDD,4,model-confident,
data/crnn_crops/train/Screenshot-2023-05-11-100854_png.rf.64fc65323f15188071e0087f4bc4713b.jpg,train,2A-0037,0.9282,1,DL-DDDD,4,model-confident,
data/crnn_crops/train/Screenshot-2023-05-11-110036_png.rf.09609a9699e6d632604e5a1dbe6a4c5f.jpg,train,2AA-0046,0.9283,1,DLL-DDDD,4,model-confident,
data/crnn_crops/valid/1000b6ac1f-1-_jpg.rf.6f9d4e43967826df0ad49b2b96f39b59.jpg,valid,4-5028,0.9283,1,D-DDDD,4,model-confident,
data/crnn_crops/train/IMG_5025_jpg.rf.1d0d080cd6c7390c89054e7b53cbf4fd.jpg,train,2A-6510,0.9284,1,DL-DDDD,4,model-confident,
data/crnn_crops/train/IMG_6279_jpg.rf.03d6d66c0c3f526323eb9782b575cd95.jpg,train,3A-1300,0.9286,1,DL-DDDD,4,model-confident,
data/crnn_crops/train/IMG_8660_jpg.rf.a9c2cc8dfe11dea1a1f545311c03704d.jpg,train,2B-5031,0.9286,1,DL-DDDD,4,model-confident,
data/crnn_crops/valid/1-6_jpg.rf.ccfef7145c191a94ac6fff9223c73adc.jpg,valid,2-1386,0.9286,1,D-DDDD,4,model-confident,
data/crnn_crops/valid/8836f06b-4ff1-432e-a2dd-2d7e85eb0244_jpg.rf.f5ab7fbf8da104971505633855d804cf.jpg,valid,3-0194,0.9286,1,D-DDDD,4,model-confident,
data/crnn_crops/train/Screenshot-2023-05-10-130607_png.rf.c8f5be6767bd7cd4df266e5abb1a2136.jpg,train,2O-0002,0.9288,1,DL-DDDD,4,model-confident,
data/crnn_crops/valid/8712e278-9190-468f-a3f4-ae0899758938_jpg.rf.8a330ce1e4b134f0e7377ad45f55a4df.jpg,valid,4A-3014,0.9288,1,DL-DDDD,4,model-confident,
data/crnn_crops/train/f2a907ea-772d-42b9-bf6e-b9813163023b_jpg.rf.d39727d83c21a07378e47095dc1f1950.jpg,train,3A-1112,0.929,1,DL-DDDD,4,model-confident,
data/crnn_crops/train/llllskdj_jpg.rf.38dc2f2290be04a48d9be2eb0d64c5e7.jpg,train,1AQ-9758,0.9293,1,DLL-DDDD,4,model-confident,
data/crnn_crops/valid/1000d78af0_jpg.rf.d3af93ed25f499fd5aa3422dc9977ffc.jpg,valid,2CD-9075,0.9293,1,DLL-DDDD,4,model-confident,
data/crnn_crops/train/IMG_5654_jpg.rf.6786f6e528d8dd60df1fbb0c6f2f1ab8.jpg,train,1H-6843,0.9295,1,DL-DDDD,4,model-confident,
data/crnn_crops/train/photo_2018-11-06_12-32-17_jpg.rf.960b15be81642744018c423176a99123.jpg,train,1H-6843,0.9295,1,DL-DDDD,4,model-confident,
data/crnn_crops/valid/IMG_119_jpg.rf.3a75819a97a0a30eb985162ba5cfd4d0.jpg,valid,1AQ-9758,0.9295,1,DLL-DDDD,4,model-confident,
data/crnn_crops/valid/Screenshot-2023-05-30-162611_png.rf.4365335aec5d38b75fe62a3f1e289a6a.jpg,valid,1G-1448,0.9295,1,DL-DDDD,4,model-confident,
data/crnn_crops/valid/26996923_jpg.rf.e39fce2cb173c53fdb44b5c6ea80a5a6.jpg,valid,2-1178,0.9296,1,D-DDDD,4,model-confident,
data/crnn_crops/train/honda-dream-019-895438168508622236096746-c_jpg.rf.8a2546b002dcd99f5385d15982469fe2.jpg,train,2G-9758,0.9298,1,DL-DDDD,4,model-confident,
data/crnn_crops/valid/IMG_8513_JPG.rf.12f7526930778154e52d0521a916b2fe.jpg,valid,1G-0618,0.9299,1,DL-DDDD,4,model-confident,
data/crnn_crops/train/IMG_7498_jpg.rf.64ddb7bb23fca1a9943733c944559539.jpg,train,4A-3014,0.93,1,DL-DDDD,4,model-confident,
data/crnn_crops/train/IMG_8226_jpg.rf.228620de3b55cabb5056572c5db77a72.jpg,train,1Y-4775,0.93,1,DL-DDDD,4,model-confident,
data/crnn_crops/train/Phnom-Penh-number-plate_6_jpeg.rf.6ab96effe64b62d268b2d4aba52f5b7f.jpg,train,2O-2416,0.93,1,DL-DDDD,4,model-confident,
data/crnn_crops/valid/Screenshot-2023-05-30-162425_png.rf.98299a2ffb7ddf838205a4a3fe5438a9.jpg,valid,1K-1449,0.9301,1,DL-DDDD,4,model-confident,
data/crnn_crops/valid/5033dcac-72d0-4887-9d98-9ceac3083e28_jpg.rf.03300b71e0a25ab6d36b08bad5be6f33.jpg,valid,4A-4071,0.9302,1,DL-DDDD,4,model-confident,
data/crnn_crops/valid/Screenshot-2023-05-11-101027_png.rf.e294c03eb46d63f8881b9c14052b08fb.jpg,valid,2A-0208,0.9303,1,DL-DDDD,4,model-confident,
data/crnn_crops/valid/4badd153-6f8e-4d08-91e7-f55e3f8cc34b_jpg.rf.47fcceaadf151e1ef0ee82fbb35142f3.jpg,valid,3A-5364,0.9304,1,DL-DDDD,4,model-confident,
data/crnn_crops/train/IMG_6085_jpg.rf.3bb7831db83dac9d25a6c7ace925f1df.jpg,train,3B-3883,0.9305,1,DL-DDDD,4,model-confident,
data/crnn_crops/train/IMG_8356_jpg.rf.3e245608b210fc291bb4cd1c4849b2aa.jpg,train,2G-9758,0.9305,1,DL-DDDD,4,model-confident,
data/crnn_crops/valid/681893d8-528a-492e-9ab5-97deea9c551d_jpg.rf.ce8b9709f4bcbad01dee03b6f8fba5b9.jpg,valid,3A-0873,0.9305,1,DL-DDDD,4,model-confident,
data/crnn_crops/valid/IMG_7288_jpg.rf.32fa8da3ba2a00c702eefa859acead9b.jpg,valid,1Q-5257,0.9305,1,DL-DDDD,4,model-confident,
data/crnn_crops/valid/Kratie-number-plate_5_jpeg.rf.8ed4560382e7c11bdaceb987d2cc0fb9.jpg,valid,3A-1851,0.9308,1,DL-DDDD,4,model-confident,
data/crnn_crops/train/a0823fff-3100-4f39-bc17-fe1af19ce46b_jpg.rf.1af66789243ff4f0b5ac771ab2ff350f.jpg,train,3-0104,0.9309,1,D-DDDD,4,model-confident,
data/crnn_crops/valid/7efc077f-42c2-4c94-9774-75bdc6feff95_jpg.rf.97f0e7ae624c60314698c079f6a0ce27.jpg,valid,4A-1023,0.9309,1,DL-DDDD,4,model-confident,
data/crnn_crops/valid/9f35ee94-207a-43cb-befe-ae1b18a84043_jpg.rf.cb5563b1a1881387e48db0bec1a2496f.jpg,valid,3A-1311,0.9309,1,DL-DDDD,4,model-confident,
data/crnn_crops/train/IMG_4823_jpg.rf.f598a579a1c2874dc711ffaff00bdbf8.jpg,train,2B-4656,0.931,1,DL-DDDD,4,model-confident,
data/crnn_crops/valid/125214029_1011083522739830_258557716730606444_n_jpg.rf.130f13ff880a4ab700484a7a9661ff1b.jpg,valid,2B-5114,0.931,1,DL-DDDD,4,model-confident,
data/crnn_crops/train/IMG_3170_jpg.rf.6f3d3ccc534d4f17d9d2ac90ed5b07e3.jpg,train,1J-2250,0.9314,1,DL-DDDD,4,model-confident,
data/crnn_crops/valid/123965696_1596917823822135_2551203037806684983_n_jpg.rf.6c4f86c6ca74cb2a59c2d3ba9e745fd6.jpg,valid,1H-2313,0.9314,1,DL-DDDD,4,model-confident,
data/crnn_crops/train/d748c282-8e13-4a60-80ef-d090ea125c9a_jpg.rf.969dad65485c01bcde553135ab549f14.jpg,train,4A-0049,0.9316,1,DL-DDDD,4,model-confident,
data/crnn_crops/valid/IMG_4352_jpg.rf.f8543494c6ca426f64aff07c52217136.jpg,valid,2A-1620,0.9316,1,DL-DDDD,4,model-confident,
data/crnn_crops/train/Screenshot-2023-05-10-130638_png.rf.c427e45e05b06ae6c87b38695f0e6893.jpg,train,2O-0003,0.9318,1,DL-DDDD,4,model-confident,
data/crnn_crops/valid/IMG_1036_jpg.rf.60187efc51a7b7aac191e43e0e9fc140.jpg,valid,1H-1735,0.9318,1,DL-DDDD,4,model-confident,
data/crnn_crops/train/bb70d5bd-68f7-4aeb-b63e-f26c37b1ec2a_jpg.rf.d01a635e4d8fbb00e20e05649a1e15a0.jpg,train,3A-6319,0.9319,1,DL-DDDD,4,model-confident,
data/crnn_crops/train/IMG_9618_jpg.rf.52b7a28c4e1c74a81387a2689f6f6ab8.jpg,train,1N-3833,0.9319,1,DL-DDDD,4,model-confident,
data/crnn_crops/valid/IMG_4456_jpg.rf.de49da0c185dd647d1b6ee1cb37b0acd.jpg,valid,3A-2399,0.932,1,DL-DDDD,4,model-confident,
data/crnn_crops/train/IMG_5783_jpg.rf.67ffac7317fef50f8e5278a0bb8c24d1.jpg,train,2B-5114,0.9321,1,DL-DDDD,4,model-confident,
data/crnn_crops/train/jkthgiurehgiutsk_jpg.rf.b9f589c3d435b1db7500f1b484f7e18b.jpg,train,1M-0088,0.9321,1,DL-DDDD,4,model-confident,
data/crnn_crops/valid/10ded06a-9357-438a-852b-1144ba976763_jpg.rf.d612207f27d4ec3ef0d63ef4c9f44844.jpg,valid,2AN-9627,0.9321,1,DLL-DDDD,4,model-confident,
data/crnn_crops/train/IMG_8949_jpg.rf.7476a3580e5957a5345d890dd8826be6.jpg,train,2BA-0070,0.9324,1,DLL-DDDD,4,model-confident,
data/crnn_crops/valid/Kampong-Cham-number-plate_10_jpeg.rf.4446ebd4ff45f28042a7cd29073faea8.jpg,valid,1-8464,0.9324,1,D-DDDD,4,model-confident,
data/crnn_crops/train/IMG_5430_jpg.rf.93e47d61e2822b47c7b494f6fbe7175e.jpg,train,1H-2313,0.9325,1,DL-DDDD,4,model-confident,
data/crnn_crops/train/IMG_8260_jpg.rf.c6778ab00c4e862c477354e13cce64f3.jpg,train,3A-0879,0.9325,1,DL-DDDD,4,model-confident,
data/crnn_crops/valid/received_753474579163955-768x1024_jpeg.rf.f1f6fef47f6993f680e72c0761fa8eae.jpg,valid,2A-4344,0.9325,1,DL-DDDD,4,model-confident,
data/crnn_crops/train/IMG_7926_jpg.rf.abef6f193011e9fe4888cdc09972340d.jpg,train,1I-3085,0.9326,1,DL-DDDD,4,model-confident,
data/crnn_crops/valid/77c22154-598e-47f5-802b-53d270afae64_jpg.rf.b55898918b6eac971f0b0fcf1dd3604b.jpg,valid,4-0003,0.9327,1,D-DDDD,4,model-confident,
data/crnn_crops/train/c440e240-7861-4da8-9aaa-ee702e32505e_jpg.rf.5aefe8cd159079af1dcb9c3af46b5ecf.jpg,train,4A-0302,0.9328,1,DL-DDDD,4,model-confident,
data/crnn_crops/train/IMG_6276_jpg.rf.dbb8c597b614f8ec8eef922ac61ca781.jpg,train,1-1781,0.9328,1,D-DDDD,4,model-confident,
data/crnn_crops/train/maxresdefault-2-_jpg.rf.3c7c48b32e416eda13236bdcfcb53f4d.jpg,train,1K-1449,0.9328,1,DL-DDDD,4,model-confident,
data/crnn_crops/train/Pailin-number-plate_18_jpeg.rf.a375032e98ad7bc03de8ca6e7b4eb9bb.jpg,train,2AJ-4505,0.9328,1,DLL-DDDD,4,model-confident,
data/crnn_crops/valid/IMG_6170_jpg.rf.596d4aed0fe390709ba5364332ef1070.jpg,valid,1K-1449,0.9328,1,DL-DDDD,4,model-confident,
data/crnn_crops/train/IMG_1124_jpg.rf.3cc8d5a2e1bf07a4170cde44f2afafec.jpg,train,1AD-3385,0.9329,1,DLL-DDDD,4,model-confident,
data/crnn_crops/train/Screenshot-2023-05-10-143034_png.rf.4e182079029b40b3de2147b08e6b38fc.jpg,train,2A-0334,0.9329,1,DL-DDDD,4,model-confident,
data/crnn_crops/valid/Screenshot-2023-05-10-133128_png.rf.c84e9ee580ae892df8ee6aacba1c7ef3.jpg,valid,2O-0042,0.933,1,DL-DDDD,4,model-confident,
data/crnn_crops/valid/FB_IMG_1620543525072_jpg.rf.b14c6c8f6de22d0c016d1aca8dba8ffb.jpg,valid,1F-4392,0.9331,1,DL-DDDD,4,model-confident,
data/crnn_crops/train/Screenshot-2023-05-10-143009_png.rf.91b8fa29eb8a4ceb94579eb2bda33abf.jpg,train,2AA-0262,0.9332,1,DLL-DDDD,4,model-confident,
data/crnn_crops/train/sktajwijfkd_jpg.rf.6ae5b44c949e8560f7ed0b66142da144.jpg,train,3A-0387,0.9332,1,DL-DDDD,4,model-confident,
data/crnn_crops/train/IMG_6281_jpg.rf.9c9a8cf85c6beee85b1414a93fcc0e7c.jpg,train,2AU-5797,0.9333,1,DLL-DDDD,4,model-confident,
data/crnn_crops/train/postnews-com-kh-2022-07-01_14-14-56_jpg.rf.d0eaf799c5c39e2e4084703110c5b3df.jpg,train,1M-3708,0.9333,1,DL-DDDD,4,model-confident,
data/crnn_crops/train/IMG_1159_jpg.rf.243bf6e4ed2f244ddb39b06962f79512.jpg,train,2AA-0046,0.9334,1,DLL-DDDD,4,model-confident,
data/crnn_crops/train/IMG_1162_jpg.rf.44801033bca7fd1ee8277fdc4b2bd1ed.jpg,train,2A-8744,0.9334,1,DL-DDDD,4,model-confident,
data/crnn_crops/train/Screenshot-2023-05-10-142609_png.rf.3395b8ec5a0989186357374d680f57ca.jpg,train,2A-0046,0.9334,1,DL-DDDD,4,model-confident,
data/crnn_crops/valid/IMG_7400_jpg.rf.f27b25babf46b08aee3f5172f4b5fe89.jpg,valid,2A-1572,0.9334,1,DL-DDDD,4,model-confident,
data/crnn_crops/train/IMG_4102_jpg.rf.b44346e88ec6dd8680b467d3b04b4f93.jpg,train,2A-2466,0.9335,1,DL-DDDD,4,model-confident,
data/crnn_crops/train/IMG_6264_jpg.rf.fd99af8ca24997b464a2e09ef506aaad.jpg,train,1L-2968,0.9335,1,DL-DDDD,4,model-confident,
data/crnn_crops/train/IMG_7855_jpg.rf.23842db0a208735c872fe64d0d5e00bc.jpg,train,2BT-2482,0.9335,1,DLL-DDDD,4,model-confident,
data/crnn_crops/train/IMG_8543_jpg.rf.ba812a8bbc4187673d3a7113775e1f30.jpg,train,2B-4656,0.9336,1,DL-DDDD,4,model-confident,
data/crnn_crops/train/s-734646167230133674812971-b_jpg.rf.8953c9e1823e29318a19dca38a533f5c.jpg,train,2B-4656,0.9336,1,DL-DDDD,4,model-confident,
data/crnn_crops/valid/061220201607227352356331356_jpg.rf.05a56e9d6aefaf4a535602cabfa57cec.jpg,valid,3A-0293,0.9336,1,DL-DDDD,4,model-confident,
data/crnn_crops/train/download-4-_jpg.rf.ee1da49d5ccc944c2928b60bd848d7c4.jpg,train,3A-2399,0.9338,1,DL-DDDD,4,model-confident,
data/crnn_crops/train/IMG_6365_jpg.rf.1d70e471d689af44492e49de171a5bbf.jpg,train,1C-8737,0.9341,1,DL-DDDD,4,model-confident,
data/crnn_crops/train/IMG_8982_jpg.rf.6fe71f7ee73925c7bb74e586c568362a.jpg,train,2A-7347,0.9341,1,DL-DDDD,4,model-confident,
data/crnn_crops/train/Siem-Reap-number-plate_5_jpeg.rf.e5fb40f355d3603533112e2dd35bd996.jpg,train,3A-0879,0.9341,1,DL-DDDD,4,model-confident,
data/crnn_crops/valid/images-20-_jpg.rf.b45785a4ae4302d0e5dc66decc36c426.jpg,valid,1AG-1956,0.9341,1,DLL-DDDD,4,model-confident,
data/crnn_crops/valid/images-5-_jpg.rf.058e3fd5816bc9af53bf4fb596547c2b.jpg,valid,1C-0274,0.9341,1,DL-DDDD,4,model-confident,
data/crnn_crops/train/Screenshot-2023-05-10-163422_png.rf.f9feb54025831d17f7deae52b924fa29.jpg,train,2A-0019,0.9342,1,DL-DDDD,4,model-confident,
data/crnn_crops/train/images-2-_jpg.rf.419f33fe9671fcaa2753adc966d21bc0.jpg,train,1Q-1330,0.9343,1,DL-DDDD,4,model-confident,
data/crnn_crops/train/Kampong-Thom-number-plate_26_jpeg.rf.8acced4e90d6c35cab5d3574d922800b.jpg,train,2AY-9141,0.9343,1,DLL-DDDD,4,model-confident,
data/crnn_crops/train/IMG_9481_jpg.rf.899b9cd8b0318f0ce7bc2466885720ce.jpg,train,1H-3101,0.9345,1,DL-DDDD,4,model-confident,
data/crnn_crops/train/Screenshot-2023-05-10-135705_png.rf.3956d3eea07f8d123c117716519784c7.jpg,train,2A-0370,0.9345,1,DL-DDDD,4,model-confident,
data/crnn_crops/valid/images-1-_jpg.rf.af0eb0badcf1e99679aae90fc8a16aa8.jpg,valid,1H-3101,0.9345,1,DL-DDDD,4,model-confident,
data/crnn_crops/valid/Screenshot-2023-05-10-132845_png.rf.b68bbd12827ecedb27e32d0db71327ec.jpg,valid,2O-0011,0.9345,1,DL-DDDD,4,model-confident,
data/crnn_crops/train/IMG_4587_jpg.rf.8b315c3704705b2bfbe20d7fe2ab852a.jpg,train,2G-3456,0.9346,1,DL-DDDD,4,model-confident,
data/crnn_crops/valid/IMG_3616_jpg.rf.02ec4af0d2a91e8051eb92878602536a.jpg,valid,1H-3229,0.9346,1,DL-DDDD,4,model-confident,
data/crnn_crops/valid/photo_2023-05-31_16-45-56_jpg.rf.53ad084fb74d7e8a558950715c5769fb.jpg,valid,1E-7756,0.9346,1,DL-DDDD,4,model-confident,
data/crnn_crops/train/IMG_5768_jpg.rf.2076d3772c34abd11b446ad1a7d2f40e.jpg,train,1E-7756,0.9348,1,DL-DDDD,4,model-confident,
data/crnn_crops/train/IMG_6251_jpg.rf.2c61e9b5fefa82fbe42033478872726e.jpg,train,3A-1999,0.9348,1,DL-DDDD,4,model-confident,
data/crnn_crops/valid/10005e554c_jpg.rf.a8bf2b8119a52b28b8c4589049387d42.jpg,valid,2E-2589,0.9349,1,DL-DDDD,4,model-confident,
data/crnn_crops/valid/Screenshot-2023-05-10-134917_png.rf.b3c2e13fb8277791d7f7ef51f875f477.jpg,valid,2A-0389,0.9349,1,DL-DDDD,4,model-confident,
data/crnn_crops/valid/f2274158-8897-4a5e-8bd1-5ad54f93767d_jpg.rf.47b70e2fbc9755d3e03d46e5bb54e5f5.jpg,valid,2-0008,0.9351,1,D-DDDD,4,model-confident,
data/crnn_crops/train/Screenshot-2023-05-11-101039_png.rf.8d309615bd5adf74b53f257bb6abcc5e.jpg,train,2A-0226,0.9352,1,DL-DDDD,4,model-confident,
data/crnn_crops/valid/Screenshot-2023-05-10-135637_png.rf.87711500cc53a40cc11076f1e5cb16c2.jpg,valid,2A-0343,0.9352,1,DL-DDDD,4,model-confident,
data/crnn_crops/train/IMG_116_jpg.rf.b6195b40bbf180c71629a8de6860edbc.jpg,train,2A-7176,0.9353,1,DL-DDDD,4,model-confident,
data/crnn_crops/train/IMG_3035_jpg.rf.68f73d8281dcb480941ef618af1c68e7.jpg,train,3A-2121,0.9355,1,DL-DDDD,4,model-confident,
data/crnn_crops/train/IMG_4932_jpg.rf.8928738edcc93d16523715bbc0275b6a.jpg,train,2B-1617,0.9355,1,DL-DDDD,4,model-confident,
data/crnn_crops/train/Kampong-Cham-number-plate_5_jpeg.rf.68b210b1daf421ce235767cbc2ecf0e4.jpg,train,2A-7176,0.9355,1,DL-DDDD,4,model-confident,
data/crnn_crops/train/IMG_5571_jpg.rf.b436bf6a75689135a2abc84d22705dee.jpg,train,2A-1798,0.9356,1,DL-DDDD,4,model-confident,
data/crnn_crops/train/Screenshot-2023-05-10-142957_png.rf.8bc546aaa56f74495e762b6dc9099d7e.jpg,train,2A-0235,0.9356,1,DL-DDDD,4,model-confident,
data/crnn_crops/valid/131283634_236625324730062_526385832592243093_n_jpg.rf.c824408c97ff92bec02fbd5fc747a1be.jpg,valid,3A-2450,0.9356,1,DL-DDDD,4,model-confident,
data/crnn_crops/train/fdhwyrnrtn_jpg.rf.f770abd5775afd5a3ba056b45a45f912.jpg,train,1N-3833,0.9357,1,DL-DDDD,4,model-confident,
data/crnn_crops/train/Number-611024_jpg.rf.2759944b1f3f22b8eac726b6c8dd7127.jpg,train,3A-3181,0.9358,1,DL-DDDD,4,model-confident,
data/crnn_crops/valid/IMG_5051_jpg.rf.5bf07cb477c81a5300c35cd7a51363b6.jpg,valid,2BN-5403,0.9363,1,DLL-DDDD,4,model-confident,
data/crnn_crops/valid/839b06cf-a30b-4475-a565-ad3a45af5892_jpg.rf.70d668544e0ce6468f26ea793cbf3f47.jpg,valid,3-0211,0.9364,1,D-DDDD,4,model-confident,
data/crnn_crops/train/images-7-_jpg.rf.66b37c36cca86c7ef1030fbd48644f98.jpg,train,2A-4188,0.9365,1,DL-DDDD,4,model-confident,
data/crnn_crops/train/IMG_4156_jpg.rf.02ae32c590c5b0a693453ee95459c777.jpg,train,2AA-6662,0.9365,1,DLL-DDDD,4,model-confident,
data/crnn_crops/valid/IMG_6484_jpg.rf.a9b615dba14f962aff98fbd4a6a804fa.jpg,valid,2E-6868,0.9365,1,DL-DDDD,4,model-confident,
data/crnn_crops/train/d2facd95f12f460296a46236a92b2906_jpg.rf.c12c26dff6101e6f7ef678a6e334f222.jpg,train,1I-4777,0.9366,1,DL-DDDD,4,model-confident,
data/crnn_crops/train/IMG_6708_jpg.rf.ffaf67a5595143d43a121ea0ba35aa94.jpg,train,1I-4777,0.9366,1,DL-DDDD,4,model-confident,
data/crnn_crops/valid/0554906f-a87d-4e3d-a716-def180c8eeb5_jpg.rf.15e670d0db509c4b7bb2b103976196ba.jpg,valid,3E-6694,0.9366,1,DL-DDDD,4,model-confident,
data/crnn_crops/valid/Kampong-Speu-number-plate_14_jpeg.rf.be77246b4cabec8335ac85948de57c7d.jpg,valid,1P-5550,0.9366,1,DL-DDDD,4,model-confident,
data/crnn_crops/train/IMG_7633_jpg.rf.b14060c5bf50680563ddeb132bed1dfd.jpg,train,2B-6666,0.9367,1,DL-DDDD,4,model-confident,
data/crnn_crops/train/postnews-com-kh-2023-03-28_10-23-40_jpg.rf.cef264299c2c9e3474d6360318729323.jpg,train,1A-0043,0.9367,1,DL-DDDD,4,model-confident,
data/crnn_crops/valid/0fd04927-a7bd-43bc-a1bf-d9154c14edc1_jpg.rf.6d3735fff3ecfe0e092aa895754e077e.jpg,valid,4A-0462,0.9367,1,DL-DDDD,4,model-confident,
data/crnn_crops/valid/81d2a705-ecb0-45d8-bf46-8bf4003eedae_jpg.rf.508c8a6c69abc380310d64e7dda262b1.jpg,valid,4-0073,0.9367,1,D-DDDD,4,model-confident,
data/crnn_crops/train/IMG_6407_jpg.rf.6f001685d2e234f6baeaf54d0a2a24d5.jpg,train,2C-8888,0.9368,1,DL-DDDD,4,model-confident,
data/crnn_crops/train/IMG_7990_jpg.rf.e354174cbf897f2362c163ea4a4221ae.jpg,train,2A-7176,0.9368,1,DL-DDDD,4,model-confident,
data/crnn_crops/train/Tboung-Khmum-number-plate_8_jpeg.rf.2d3d9b17f9875d04a7947e89d2adde39.jpg,train,2A-6052,0.9368,1,DL-DDDD,4,model-confident,
data/crnn_crops/train/c7b454ee-779f-4a7c-b27e-8bd23c030149_jpg.rf.e17eb17ff0e1ddd17a27503f8fefa02e.jpg,train,4A-0025,0.9369,1,DL-DDDD,4,model-confident,
data/crnn_crops/train/IMG_6318_jpg.rf.75d74de01ffaacc5614ac40b376e3e42.jpg,train,1M-0088,0.937,1,DL-DDDD,4,model-confident,
data/crnn_crops/train/lexus-rx330-half-full-04-2-224675168234591082145554-b_jpg.rf.761cba4f0c0d3cb830312f5e5424960d.jpg,train,2C-5166,0.9371,1,DL-DDDD,4,model-confident,
data/crnn_crops/train/IMG_9683_jpg.rf.0a06fd6c119fe6731e812fb7f164037f.jpg,train,2AA-8069,0.9374,1,DLL-DDDD,4,model-confident,
data/crnn_crops/train/Preah-Sihanouk-number-plate_7_jpeg.rf.f01346549897bd4f1265ee59c630b502.jpg,train,2AA-8069,0.9374,1,DLL-DDDD,4,model-confident,
data/crnn_crops/train/af4733ab-4e4c-4247-ad49-cd7cc488e8ea_jpg.rf.da4732a74f82e47e3af6a4b6acdfa283.jpg,train,3A-1706,0.9375,1,DL-DDDD,4,model-confident,
data/crnn_crops/train/IMG_2972_jpg.rf.8a835a1100058ae513514ad58a4bf32a.jpg,train,1Q-1330,0.9375,1,DL-DDDD,4,model-confident,
data/crnn_crops/valid/100034936f_jpg.rf.80ef5eb14cbb17047eb9708be80d5000.jpg,valid,2S-1234,0.9376,1,DL-DDDD,4,model-confident,
data/crnn_crops/train/Screenshot-2023-05-10-141858_png.rf.7716de5cf36e85bacd09b6eaa56fdbc9.jpg,train,2A-1621,0.9377,1,DL-DDDD,4,model-confident,
data/crnn_crops/train/Screenshot-2023-05-10-161053_png.rf.45146a3aae99212db3289709b3c1f2fa.jpg,train,2A-1458,0.9378,1,DL-DDDD,4,model-confident,
data/crnn_crops/train/IMG_3640_jpg.rf.db5f520c0616fc6b32838ff639d6ba7d.jpg,train,2A-6052,0.938,1,DL-DDDD,4,model-confident,
data/crnn_crops/train/IMG_5537_jpg.rf.44cc7e461485e6b980ff68b196dccd6d.jpg,train,2B-4656,0.9381,1,DL-DDDD,4,model-confident,
data/crnn_crops/train/Screenshot-2023-05-10-163515_png.rf.830dac6e03455fccd06c77600b605db8.jpg,train,2A-0071,0.9381,1,DL-DDDD,4,model-confident,
data/crnn_crops/train/Screenshot-2023-05-11-110222_png.rf.f498cdba3695d922e439fe9fedd0053a.jpg,train,2AA-0217,0.9381,1,DLL-DDDD,4,model-confident,
data/crnn_crops/train/Screenshot-2023-05-10-163525_png.rf.7fe71f32ef5f395bdb879421be948b77.jpg,train,2A-0073,0.9382,1,DL-DDDD,4,model-confident,
data/crnn_crops/valid/IMG_20220531_093339_102_jpg.rf.e0487c520e3bf7703775d6a0ff570ee7.jpg,valid,1D-4124,0.9382,1,DL-DDDD,4,model-confident,
data/crnn_crops/train/Preah-Sihanouk-number-plate_3_jpeg.rf.ac65a2da1270839bc0983c497bb0b34f.jpg,train,1H-3229,0.9383,1,DL-DDDD,4,model-confident,
data/crnn_crops/valid/95507257_2552815041712902_903793481810024dkdkfd8576_n_jpg.rf.4d8cb6b8edc3c7031a8ba27535a959ae.jpg,valid,2A-7814,0.9383,1,DL-DDDD,4,model-confident,
data/crnn_crops/train/IMG_6435_jpg.rf.e399c83e18d906e274094a192bac8395.jpg,train,1P-4323,0.9384,1,DL-DDDD,4,model-confident,
data/crnn_crops/valid/25950711_jpg.rf.3a31e765f6b0f81d391b8a49e5d46fdd.jpg,valid,3-0015,0.9384,1,D-DDDD,4,model-confident,
data/crnn_crops/valid/IMG_8739_JPG.rf.4f0667c7914b57891605412cc67efa28.jpg,valid,1D-6410,0.9384,1,DL-DDDD,4,model-confident,
data/crnn_crops/train/37278c97-3049-44c5-8a0a-bf1ee08777ce_jpg.rf.915eabc2e89640a4f1e72f45289c7338.jpg,train,2A-0608,0.9386,1,DL-DDDD,4,model-confident,
data/crnn_crops/valid/gs-300-full-option-p1-642169168164600573250836-c_jpg.rf.58c2da1957128ce739d36d2c16f2f374.jpg,valid,2D-5055,0.9386,1,DL-DDDD,4,model-confident,
data/crnn_crops/train/IMG_5550_jpg.rf.615e2bb384b1da25ec747c0595b46e40.jpg,train,2A-3332,0.9387,1,DL-DDDD,4,model-confident,
data/crnn_crops/train/Screenshot-2023-05-11-100958_png.rf.4fccca79980fe38f6feca0828016327f.jpg,train,2A-0145,0.9387,1,DL-DDDD,4,model-confident,
data/crnn_crops/train/images_jpg.rf.d268544cc8850d01a7900674670a4270.jpg,train,2A-1415,0.9388,1,DL-DDDD,4,model-confident,
data/crnn_crops/valid/IMG_4564_jpg.rf.24a135edfdbebf27d0b12c150c6432be.jpg,valid,1B-5174,0.9388,1,DL-DDDD,4,model-confident,
data/crnn_crops/valid/Screenshot-2023-05-11-110232_png.rf.002afc95e9295b3142608788a61e9c9f.jpg,valid,2A-0226,0.9388,1,DL-DDDD,4,model-confident,
data/crnn_crops/train/mbtmn0_jpg.rf.a857ef46451277d2262fe3ded6b7bb5f.jpg,train,3A-2065,0.9389,1,DL-DDDD,4,model-confident,
data/crnn_crops/train/IMG_5107_jpg.rf.ce71fa11a6a4f0da5cf12959e09cb4c1.jpg,train,4A-0501,0.939,1,DL-DDDD,4,model-confident,
data/crnn_crops/valid/IMG_7583_jpg.rf.f45427e183a7b0318189d01ba6413ca9.jpg,valid,3A-2550,0.9391,1,DL-DDDD,4,model-confident,
data/crnn_crops/valid/296fa269-fd9e-4a98-85ea-a69ae47eea69_jpg.rf.adcb30a04d70178cc905fe573340d01d.jpg,valid,3-0209,0.9392,1,D-DDDD,4,model-confident,
data/crnn_crops/valid/IMG_3279_jpg.rf.1427d2adc9e532e1b8182dd29cf0c878.jpg,valid,1M-5051,0.9392,1,DL-DDDD,4,model-confident,
data/crnn_crops/train/b5657508-471f-4272-98b1-8bc204831fee_jpg.rf.bdc1efe6005d9190cf667a8eeb34e310.jpg,train,3A-1999,0.9395,1,DL-DDDD,4,model-confident,
data/crnn_crops/train/IMG_d3009_JPG.rf.9eaf9d94f88ab41cc4ae810c37a26a10.jpg,train,2D-9479,0.9395,1,DL-DDDD,4,model-confident,
data/crnn_crops/valid/Screenshot-2023-05-11-110111_png.rf.ec71cecb966ec5e41d2e2894038ab96c.jpg,valid,2A-0073,0.9395,1,DL-DDDD,4,model-confident,
data/crnn_crops/train/IMG_4350_jpg.rf.6bd7f386200c5f0e18e769b3344543f6.jpg,train,1-8464,0.9397,1,D-DDDD,4,model-confident,
data/crnn_crops/valid/4562dd65-9bf2-458a-a13f-9632f47f329a_jpg.rf.d190c9598c9153c3b8817e5ee4a40b3a.jpg,valid,2-7602,0.9397,1,D-DDDD,4,model-confident,
data/crnn_crops/train/Screenshot-2023-05-10-134358_png.rf.ab3086556a14e05be993f172d569747e.jpg,train,2A-0271,0.9399,1,DL-DDDD,4,model-confident,
data/crnn_crops/train/Screenshot-2023-05-10-143053_png.rf.91568217f321715560460023f1bee1d1.jpg,train,2A-0352,0.9399,1,DL-DDDD,4,model-confident,
data/crnn_crops/train/IMG_8805_JPG.rf.53bad675f147f32a61b64c80fa773645.jpg,train,1Y-3710,0.94,1,DL-DDDD,4,model-confident,
data/crnn_crops/valid/Stung-Treng-number-plate_12_jpeg.rf.28f12c702e28af2a78f73405b891d944.jpg,valid,3B-5484,0.94,1,DL-DDDD,4,model-confident,
data/crnn_crops/valid/a6b53324-4cd7-43b0-85d6-d7b5c20cfb32_jpg.rf.fa9c7309fdb9da8872ccf7bc30e08c75.jpg,valid,3A-6551,0.9402,1,DL-DDDD,4,model-confident,
data/crnn_crops/train/d1b3f539-d1d6-4eb4-88b3-992e64de4d43_jpg.rf.bee49317f1d5aee27d88ccb3fcb42ac0.jpg,train,3-0031,0.9405,1,D-DDDD,4,model-confident,
data/crnn_crops/train/d1b3f539-d1d6-4eb4-88b3-992e64de4d43_jpg.rf.fd5d9a7d5f353a69747734d44b8d95cb.jpg,train,3-0031,0.9405,1,D-DDDD,4,model-confident,
data/crnn_crops/train/IMG_6117_jpg.rf.fa01ea82f8d4fe4c462f65f862873d7f.jpg,train,2BL-4762,0.9406,1,DLL-DDDD,4,model-confident,
data/crnn_crops/train/IMG_3268_jpg.rf.067794cabb979e9d7ff79331873840cb.jpg,train,1G-3127,0.9407,1,DL-DDDD,4,model-confident,
data/crnn_crops/train/IMG_6868_jpg.rf.f78035b6c083988ba44a5775de3a4889.jpg,train,1P-9172,0.9407,1,DL-DDDD,4,model-confident,
data/crnn_crops/valid/-451555167307462326611388-i_jpg.rf.b6fef1e1b21a121a0682b26797087d5e.jpg,valid,2A-1215,0.9407,1,DL-DDDD,4,model-confident,
data/crnn_crops/valid/Screenshot-2023-05-31-135100_png.rf.ba78d375813b182a5985c4c1478cb2b8.jpg,valid,2A-5789,0.9408,1,DL-DDDD,4,model-confident,
data/crnn_crops/train/fdkgatjidsjldfj_jpg.rf.8cb567c8f6568bf8dee77de12bb648d0.jpg,train,2C-5555,0.9409,1,DL-DDDD,4,model-confident,
data/crnn_crops/train/IMG_7387_jpg.rf.7487db3b72783d4ee66d3185cee33b26.jpg,train,1D-4124,0.941,1,DL-DDDD,4,model-confident,
data/crnn_crops/train/Police-Chief-dies-in-moto-smash_jpg.rf.703b1dc5d3408734d9c5f93775f09c0b.jpg,train,2B-6819,0.941,1,DL-DDDD,4,model-confident,
data/crnn_crops/train/Screenshot-2023-05-10-160739_png.rf.1441a7ab85d99021ceaf525509079b30.jpg,train,2A-1360,0.941,1,DL-DDDD,4,model-confident,
data/crnn_crops/train/IMG_3658_jpg.rf.a0b549c5a44fbd971089926183af72a7.jpg,train,2B-7369,0.9411,1,DL-DDDD,4,model-confident,
data/crnn_crops/valid/IMG_9464_jpg.rf.a1b351103f7d5fa28e278ec3da30b12b.jpg,valid,1G-8901,0.9411,1,DL-DDDD,4,model-confident,
data/crnn_crops/train/fdglkfsakd_jpg.rf.cbda9980f6e0c581da1a8dea77562e38.jpg,train,1A-0643,0.9412,1,DL-DDDD,4,model-confident,
data/crnn_crops/train/IMG_1183_jpg.rf.973f4f4caeccda3f58823eafab1ca08d.jpg,train,1A-0643,0.9412,1,DL-DDDD,4,model-confident,
data/crnn_crops/train/IMG_4601_jpg.rf.db5bc5e568c5c5a8d40770a8c57f9c65.jpg,train,1T-4787,0.9412,1,DL-DDDD,4,model-confident,
data/crnn_crops/train/IMG_9188_jpg.rf.4d4ffdd98309be47642f3c886361c6b1.jpg,train,3A-3826,0.9412,1,DL-DDDD,4,model-confident,
data/crnn_crops/train/Screenshot-2023-05-11-100906_png.rf.f92cf71de5d8fc7daaf01dffc92582a0.jpg,train,2A-0055,0.9412,1,DL-DDDD,4,model-confident,
data/crnn_crops/valid/IMG_3475_jpg.rf.e9bfbbf52b8d30eb1a72c7101b5e2516.jpg,valid,2B-5799,0.9412,1,DL-DDDD,4,model-confident,
data/crnn_crops/valid/IMG_5533_jpg.rf.98bc3ba7d833bd3607765758a2a0e4bc.jpg,valid,2B-3172,0.9412,1,DL-DDDD,4,model-confident,
data/crnn_crops/train/IMG_6185_jpg.rf.84c6c8a07745a8191f27958e61087c45.jpg,train,1L-0730,0.9413,1,DL-DDDD,4,model-confident,
data/crnn_crops/train/images-11-_jpg.rf.39df1cb3c52be9a92ea199b55e5f6426.jpg,train,2C-0968,0.9414,1,DL-DDDD,4,model-confident,
data/crnn_crops/train/IMG_7940_jpg.rf.94398782dc2724fc1d377e098f745dd8.jpg,train,1A-0643,0.9414,1,DL-DDDD,4,model-confident,
data/crnn_crops/valid/3eda73b7-4df9-4e79-9bc7-8b6b2bf560af_jpg.rf.b7eab6361c5fc7f3f429fa70c981a35e.jpg,valid,4A-1313,0.9414,1,DL-DDDD,4,model-confident,
data/crnn_crops/valid/b632fe4d-974b-41b2-9560-fa79c2fdf0ea_jpg.rf.15eee607920b5b14ca2feff4fa755114.jpg,valid,3A-0774,0.9414,1,DL-DDDD,4,model-confident,
data/crnn_crops/valid/IMG_7508_jpg.rf.3feb64e1383e4b131839bc32f833f180.jpg,valid,2B-7474,0.9416,1,DL-DDDD,4,model-confident,
data/crnn_crops/train/9efd2f38-e672-4ce3-9500-d71d9ef41460_jpg.rf.1f64fd5e81ebf1500b1c3ab9f4435a7f.jpg,train,4A-0912,0.9418,1,DL-DDDD,4,model-confident,
data/crnn_crops/train/IMG_7744_jpg.rf.f5423731cb8192a69d92fb354173efdf.jpg,train,1H-2313,0.9418,1,DL-DDDD,4,model-confident,
data/crnn_crops/train/IMG_2700_jpg.rf.8147bd67f547eb48a1af20831300caf9.jpg,train,3A-9996,0.9419,1,DL-DDDD,4,model-confident,
data/crnn_crops/train/IMG_2920_jpg.rf.3b3dddb2e034775a6904150fc3bd9de7.jpg,train,2C-6092,0.942,1,DL-DDDD,4,model-confident,
data/crnn_crops/train/license-plate-cambodia-motorcycle-licence-koh-king-province-43477367_jpg.rf.d0e3650073a0a5b95e838ebbeb78282e.jpg,train,1A-6661,0.942,1,DL-DDDD,4,model-confident,
data/crnn_crops/valid/IMG_5934_jpg.rf.3576537143485aaa6fdfda343aca984c.jpg,valid,2A-0064,0.942,1,DL-DDDD,4,model-confident,
data/crnn_crops/train/IMG_5620_jpg.rf.427438e74074bf1544f667c24effbdb0.jpg,train,2A-5676,0.9421,1,DL-DDDD,4,model-confident,
data/crnn_crops/train/IMG_8839_JPG.rf.d44ee6c76bb1acf99ef73c03845bc363.jpg,train,2B-1284,0.9421,1,DL-DDDD,4,model-confident,
data/crnn_crops/train/IMG_1064_jpg.rf.ad30c188dcd36340f1d6a21ec47b8db4.jpg,train,1B-9157,0.9422,1,DL-DDDD,4,model-confident,
data/crnn_crops/train/IMG_6056_jpg.rf.300e162b9171b00943c5e9f4d781853b.jpg,train,2C-5555,0.9422,1,DL-DDDD,4,model-confident,
data/crnn_crops/train/IMG_4451_jpg.rf.ec468db541d6f66827bf1bdfd639b572.jpg,train,2C-1975,0.9423,1,DL-DDDD,4,model-confident,
data/crnn_crops/train/IMG_4535_jpg.rf.dfc35fe87143ca90e434f8e446b02f8b.jpg,train,2A-9832,0.9425,1,DL-DDDD,4,model-confident,
data/crnn_crops/train/IMG_7373_jpg.rf.26fd4305356fc34f2064facd19e7a116.jpg,train,3A-1787,0.9425,1,DL-DDDD,4,model-confident,
data/crnn_crops/train/Phnom-Penh-number-plate_4_jpeg.rf.75ca6bc16cc6ee72ddcb53aa3345a5e3.jpg,train,1AI-4546,0.9425,1,DLL-DDDD,4,model-confident,
data/crnn_crops/valid/IMG_6611_jpg.rf.b3d0859cf2753d79ce31e2b21c52e976.jpg,valid,2A-1375,0.9425,1,DL-DDDD,4,model-confident,
data/crnn_crops/train/aaf23bb8-9949-4d21-9daf-4d4ba7e94c0a_jpg.rf.946296a9d47afad1297ac1e03561e925.jpg,train,3A-1889,0.9427,1,DL-DDDD,4,model-confident,
data/crnn_crops/valid/images-15-_jpg.rf.44f9d81a33232b10a676cbb8cc31db7a.jpg,valid,3A-1787,0.9427,1,DL-DDDD,4,model-confident,
data/crnn_crops/train/Screenshot-2023-05-10-163642_png.rf.d5fc9282bfdc90b24202f8134a05151b.jpg,train,2A-0100,0.9429,1,DL-DDDD,4,model-confident,
data/crnn_crops/train/IMG_8412_jpg.rf.dcc954da377af7bdf3dab02d99ab006d.jpg,train,1L-5336,0.943,1,DL-DDDD,4,model-confident,
data/crnn_crops/train/IMG_5102_jpg.rf.d9990b6ccf7e334dd094ae3bf93caed9.jpg,train,1Q-7852,0.9431,1,DL-DDDD,4,model-confident,
data/crnn_crops/train/s-013-818988166650967142383240-b_jpg.rf.bb92f03346174e9f7c564b003be629ba.jpg,train,1R-0039,0.9431,1,DL-DDDD,4,model-confident,
data/crnn_crops/valid/Kampong-Cham-number-plate_11_jpeg.rf.596118f32c3e2c979899322fbb9facb9.jpg,valid,3A-1631,0.9431,1,DL-DDDD,4,model-confident,
data/crnn_crops/valid/Battambang-number-plate_4_jpeg.rf.4547e822ee77a77b5fa52b763bc1f23f.jpg,valid,1B-1590,0.9432,1,DL-DDDD,4,model-confident,
data/crnn_crops/train/e9e180f9-06b1-4c99-af0e-f2edec6a00fe_jpg.rf.31e27c7760c35d502fe82e8dbd9f085c.jpg,train,3-0033,0.9433,1,D-DDDD,4,model-confident,
data/crnn_crops/train/IMG_4091_jpg.rf.46124d1e8e55374e2832f84d1f2cb38f.jpg,train,2AG-9189,0.9434,1,DLL-DDDD,4,model-confident,
data/crnn_crops/train/Screenshot-2023-05-10-141754_png.rf.ea782c2c9422311d484ed4a158d4f3d9.jpg,train,2A-1531,0.9436,1,DL-DDDD,4,model-confident,
data/crnn_crops/train/Svay-Rieng-number-plate_16_jpeg.rf.00d2ce1e2a06fd71ca603c2c227427d9.jpg,train,2-3368,0.9437,1,D-DDDD,4,model-confident,
data/crnn_crops/valid/100073b9e8_jpg.rf.30a6876f7190c225a31ecb6fb7db5897.jpg,valid,1-9087,0.9437,1,D-DDDD,4,model-confident,
data/crnn_crops/valid/IMG_4888_jpg.rf.2e8f08f7f98a2c11bf1d34268c591b73.jpg,valid,2A-1107,0.9437,1,DL-DDDD,4,model-confident,
data/crnn_crops/train/IMG_8882_JPG.rf.b0a57f3cd7c2036d3ffc798079d878ec.jpg,train,2C-3168,0.9438,1,DL-DDDD,4,model-confident,
data/crnn_crops/train/IMG_3769_jpg.rf.69e9e982aec01bc8c051c5e79147e635.jpg,train,2C-6872,0.9439,1,DL-DDDD,4,model-confident,
data/crnn_crops/train/IMG_8511_jpg.rf.277837f614a525c2018ed0bb3b82d3d6.jpg,train,1J-7447,0.9439,1,DL-DDDD,4,model-confident,
data/crnn_crops/train/smash-016-606370168293000855464927-c_jpg.rf.ec52f9d46c79f8c7e35dc9b5a8d86517.jpg,train,1I-8566,0.9439,1,DL-DDDD,4,model-confident,
data/crnn_crops/valid/IMG_3786_jpg.rf.8bcef8bd0fc2118a13c51eb293b05aaa.jpg,valid,2A-7031,0.9439,1,DL-DDDD,4,model-confident,
data/crnn_crops/valid/IMG_7905_jpg.rf.341d914a992a4d676df0f572ada1863f.jpg,valid,1A-6661,0.9439,1,DL-DDDD,4,model-confident,
data/crnn_crops/train/photo_2022-04-28_11-54-41-1024x576_jpg.rf.09ae53e976405f2382ad0d8ff741cb3f.jpg,train,3A-8088,0.944,1,DL-DDDD,4,model-confident,
data/crnn_crops/train/postnews-com-kh-2022-08-08_22-43-56_jpg.rf.72b9bffbcd7321cf2c7798a53b74e1be.jpg,train,1Q-7852,0.944,1,DL-DDDD,4,model-confident,
data/crnn_crops/train/Screenshot-2023-05-11-110026_png.rf.320ae2aff76eb1e1bc143d8928358845.jpg,train,2A-0028,0.944,1,DL-DDDD,4,model-confident,
data/crnn_crops/valid/448f839d-5a77-4f96-9544-f0f1694435a5_jpg.rf.fe2565113e46d478a5e48f1b5769a1ad.jpg,valid,3A-2444,0.944,1,DL-DDDD,4,model-confident,
data/crnn_crops/train/IMG_5958_jpg.rf.e83a013c60116e60b48603ea960630c1.jpg,train,1Q-7852,0.9441,1,DL-DDDD,4,model-confident,
data/crnn_crops/train/sakjfjkgak_jpg.rf.9825c560b5b669a56539b810fb5d4276.jpg,train,1L-3191,0.9442,1,DL-DDDD,4,model-confident,
data/crnn_crops/train/Kampong-Speu-number-plate_25_jpeg.rf.852634fabdc855df99736b601b16a0ec.jpg,train,2AN-9034,0.9443,1,DLL-DDDD,4,model-confident,
data/crnn_crops/train/postnews-com-kh-2022-07-01_14-15-21_jpg.rf.f9697c6cbcf6b314470718ed9256c28b.jpg,train,1M-3708,0.9443,1,DL-DDDD,4,model-confident,
data/crnn_crops/train/Screenshot-2023-05-10-161039_png.rf.5b9a299d99a8a6439225e308d9eb1ca5.jpg,train,2A-1452,0.9443,1,DL-DDDD,4,model-confident,
data/crnn_crops/valid/1e8b62c6-ec07-4e54-91cc-093cdaba4cb7_jpg.rf.af2a50710476a8fa84e47417137a0c69.jpg,valid,3A-2699,0.9443,1,DL-DDDD,4,model-confident,
data/crnn_crops/train/IMG_8794_JPG.rf.e2a43ef01d48529f3d2cd8b543bf4438.jpg,train,1J-7060,0.9444,1,DL-DDDD,4,model-confident,
data/crnn_crops/valid/-451555167307462134497891-b_jpg.rf.e5eefed90576fcca2f491bbda5834b33.jpg,valid,2A-1215,0.9444,1,DL-DDDD,4,model-confident,
data/crnn_crops/valid/IMG_7053_jpg.rf.f032567ee45b9be645d0b57213b67d9b.jpg,valid,2A-2230,0.9444,1,DL-DDDD,4,model-confident,
data/crnn_crops/train/images-1-_jpg.rf.3a6b9a53ee032efacdff3b181bbbcc38.jpg,train,1D-2211,0.9445,1,DL-DDDD,4,model-confident,
data/crnn_crops/valid/Kandal-number-plate_4_jpeg.rf.2e33e5f5cf367a903f58915903cd7947.jpg,valid,1A-6411,0.9445,1,DL-DDDD,4,model-confident,
data/crnn_crops/train/IMG_6887_jpg.rf.5126d642ce49451cbd8e6b6eabf4c070.jpg,train,1D-9732,0.9446,1,DL-DDDD,4,model-confident,
data/crnn_crops/valid/25137459_jpg.rf.075ea839efd2864568e0f801aa076436.jpg,valid,2-9038,0.9447,1,D-DDDD,4,model-confident,
data/crnn_crops/train/Number-461024-800x600_jpg.rf.f39717ecda63469e193dcc81ab497a93.jpg,train,1P-5578,0.9448,1,DL-DDDD,4,model-confident,
data/crnn_crops/train/IMG_3321_jpg.rf.27ad7f5e7586936122f8878a2f7058e8.jpg,train,2C-0452,0.9449,1,DL-DDDD,4,model-confident,
data/crnn_crops/train/IMG_3487_jpg.rf.07bc306f8a5da27f01e1db6539533dec.jpg,train,1G-7852,0.9449,1,DL-DDDD,4,model-confident,
data/crnn_crops/train/IMG_4349_jpg.rf.d941b3e0aba510d08d3b6cedbe48d458.jpg,train,1G-6165,0.9449,1,DL-DDDD,4,model-confident,
data/crnn_crops/train/IMG_8049_jpg.rf.ad3135f2aa56128b3a524b7d54dd0df1.jpg,train,2C-9279,0.9449,1,DL-DDDD,4,model-confident,
data/crnn_crops/train/Screenshot-2023-05-10-142704_png.rf.0401359d2ee1c8e10a044f9e1e484811.jpg,train,2A-0127,0.9449,1,DL-DDDD,4,model-confident,
data/crnn_crops/valid/IMG_6548_jpg.rf.43a7a6c81cdc921970df0a2bd22fd5f4.jpg,valid,3A-2065,0.9449,1,DL-DDDD,4,model-confident,
data/crnn_crops/valid/Kandal-number-plate_10_jpeg.rf.bca180b904e182f493064cef6edc91bd.jpg,valid,1AN-5097,0.9449,1,DLL-DDDD,4,model-confident,
data/crnn_crops/valid/photo_2023-04-12_19-23-46-4_jpg.rf.595cd390e6af9f03fc8cbadd2d35acac.jpg,valid,2C-9279,0.9449,1,DL-DDDD,4,model-confident,
data/crnn_crops/train/IMG_7066_jpg.rf.3b977d8099c33c95967a5a3436a5cb8a.jpg,train,1Q-0123,0.945,1,DL-DDDD,4,model-confident,
data/crnn_crops/train/IMG_9512_jpg.rf.6dee5feacaa671493a316c5a281b0ef8.jpg,train,2E-2007,0.945,1,DL-DDDD,4,model-confident,
data/crnn_crops/train/kajfirfndnweljsfkeok_jpg.rf.50d740461ddcd4ba08a8f12e6f35d91e.jpg,train,1T-4787,0.945,1,DL-DDDD,4,model-confident,
data/crnn_crops/train/IMG_6715_jpg.rf.7d902d7840322bf6c14593b709989a50.jpg,train,2A-0127,0.9451,1,DL-DDDD,4,model-confident,
data/crnn_crops/valid/IMG_3378_jpg.rf.9e464dce70aacbb06211a141bf4e7af5.jpg,valid,2A-0054,0.9451,1,DL-DDDD,4,model-confident,
data/crnn_crops/valid/IMG_4526_jpg.rf.6c5230e15bdce84d011fa3e7b7435c0a.jpg,valid,2A-9591,0.9451,1,DL-DDDD,4,model-confident,
data/crnn_crops/train/IMG_8881_JPG.rf.c3d306abca85bc7b777cf924a02104bd.jpg,train,1W-6966,0.9453,1,DL-DDDD,4,model-confident,
data/crnn_crops/train/Stung-Treng-number-plate_17_jpeg.rf.54cbfda30e242b87f502a6496ce4a502.jpg,train,2AG-6402,0.9453,1,DLL-DDDD,4,model-confident,
data/crnn_crops/train/IMG_7058_jpg.rf.a2b9890d34769dad00c505d47e5a4c4e.jpg,train,2B-9189,0.9454,1,DL-DDDD,4,model-confident,
data/crnn_crops/train/IMG_8491_JPG.rf.0164e9250bb1a9aad4ecb914f00a1a54.jpg,train,1L-9670,0.9454,1,DL-DDDD,4,model-confident,
data/crnn_crops/train/IMG_4475_jpg.rf.163827c22b4ff01095435b12f01a2222.jpg,train,2A-7214,0.9455,1,DL-DDDD,4,model-confident,
data/crnn_crops/train/IMG_6739_jpg.rf.cda31cbe730b6eedce298f874fe71b4a.jpg,train,1B-3504,0.9456,1,DL-DDDD,4,model-confident,
data/crnn_crops/valid/01c61601-6736-45f3-80c8-930cbce2ca79_jpg.rf.42abea836257c943848a1ed548fc13b6.jpg,valid,3A-2571,0.9456,1,DL-DDDD,4,model-confident,
data/crnn_crops/train/IMG_2777_jpg.rf.0778cb0aa1b6e7ce8821ef043ac72e7e.jpg,train,2A-0028,0.9457,1,DL-DDDD,4,model-confident,
data/crnn_crops/train/IMG_4379_jpg.rf.2884014489e5d69fb45d38117729ea85.jpg,train,2C-7993,0.9459,1,DL-DDDD,4,model-confident,
data/crnn_crops/train/IMG_120_jpg.rf.d7fa2d715b38e830402fabd883dfc274.jpg,train,2A-4545,0.946,1,DL-DDDD,4,model-confident,
data/crnn_crops/train/IMG_7569_jpg.rf.799eab5c56dca9069b4f3195a7b43bd5.jpg,train,1Q-7852,0.946,1,DL-DDDD,4,model-confident,
data/crnn_crops/train/photo_2022-12-02_10-47-08_jpg.rf.09807f8e613bc92755e45d1f25ba9e3b.jpg,train,2A-4545,0.946,1,DL-DDDD,4,model-confident,
data/crnn_crops/train/IMG_9323_jpg.rf.d64790e3eb4ad8580b1eda7632adadfa.jpg,train,2BA-2292,0.9461,1,DLL-DDDD,4,model-confident,
data/crnn_crops/valid/IMG_4760_jpg.rf.f9c4c99b9747fa4c2a60698acbfb8ae6.jpg,valid,1-3678,0.9461,1,D-DDDD,4,model-confident,
data/crnn_crops/valid/IMG_5526_jpg.rf.f118aab294c4d986fbc097fca7a6e45b.jpg,valid,2B-8980,0.9461,1,DL-DDDD,4,model-confident,
data/crnn_crops/train/Number-731024_jpg.rf.e63fd3d4eccc7ea513094551884ab0c1.jpg,train,1C-9140,0.9462,1,DL-DDDD,4,model-confident,
data/crnn_crops/valid/Screenshot-2023-05-10-142723_png.rf.2589f42eea731d08d04145a847598f35.jpg,valid,2A-0145,0.9462,1,DL-DDDD,4,model-confident,
data/crnn_crops/valid/IMG_9176_JPG.rf.36d25cd2b16d513e219e57112e302e2f.jpg,valid,1S-7703,0.9463,1,DL-DDDD,4,model-confident,
data/crnn_crops/train/s-734646167230133674812971-b_jpg.rf.03e9049599cfd17811ee2989dba7845a.jpg,train,2B-4656,0.9464,1,DL-DDDD,4,model-confident,
data/crnn_crops/valid/IMG_8742_jpg.rf.a69417f1c0675606e2f7c4d847a6ecba.jpg,valid,3A-1361,0.9464,1,DL-DDDD,4,model-confident,
data/crnn_crops/valid/82edeaba-d32e-487c-9095-4624623ebe68_jpg.rf.126ae2e7edd3d24cd19af118c1bda23b.jpg,valid,2-0339,0.9465,1,D-DDDD,4,model-confident,
data/crnn_crops/train/IMG_3935_jpg.rf.18d4ef7771fb7ef01e1f140a6706f7fa.jpg,train,2C-6872,0.9466,1,DL-DDDD,4,model-confident,
data/crnn_crops/train/postnews-com-kh-2022-08-08_22-43-56_jpg.rf.0d608b2d41e260ecc5766ba4c2f6a854.jpg,train,1Q-7852,0.9466,1,DL-DDDD,4,model-confident,
data/crnn_crops/valid/Screenshot-2023-05-10-160803_png.rf.fdf90fd1849d8605ac3759c4df457ee9.jpg,valid,2-1401,0.9467,1,D-DDDD,4,model-confident,
data/crnn_crops/valid/images_jpg.rf.b060ce513b5fd8f70dbdfdc3684d5c43.jpg,valid,1AA-7192,0.9468,1,DLL-DDDD,4,model-confident,
data/crnn_crops/train/d41fa524-f8fe-434c-bd11-beb194d5933b_jpg.rf.ffbb27e62ec3e62d29441c10c957341e.jpg,train,3-0031,0.9469,1,D-DDDD,4,model-confident,
data/crnn_crops/valid/IMG_8156_jpg.rf.94bdbf46b75e13c8865df245eea15213.jpg,valid,4AJ-1191,0.9469,1,DLL-DDDD,4,model-confident,
data/crnn_crops/train/f16dd7b4-325b-4fe9-90e1-1452df8e8984_jpg.rf.84a192ebd6c476e00cd53de30b4c4af1.jpg,train,3A-3219,0.947,1,DL-DDDD,4,model-confident,
data/crnn_crops/train/IMG_4001_jpg.rf.d8eff451f68fb8587a27a946958a1eae.jpg,train,1T-3821,0.947,1,DL-DDDD,4,model-confident,
data/crnn_crops/valid/images-22-_jpg.rf.3a1436f1730c1181c6eca4a76d39a009.jpg,valid,3A-1119,0.947,1,DL-DDDD,4,model-confident,
data/crnn_crops/train/IMG_4528_jpg.rf.3fd0c610b0a76d66c331171c0d279dae.jpg,train,2B-9054,0.9471,1,DL-DDDD,4,model-confident,
data/crnn_crops/valid/Cambodia_tourist_police_license_plate_2-1327_jpg.rf.4ac60031506e961297e3c710abce894f.jpg,valid,2-1327,0.9471,1,D-DDDD,4,model-confident,
data/crnn_crops/train/a4a042cf4fd6bfb47701cbc8a1653ada-1-780x455_jpg.rf.6ea331a57f05fab8095c0a590a04df19.jpg,train,2A-4031,0.9472,1,DL-DDDD,4,model-confident,
data/crnn_crops/train/lkjhgfrtyhbvcfhu_jpg.rf.314fbf7e27f4ac6329bd05083656165c.jpg,train,2A-0243,0.9473,1,DL-DDDD,4,model-confident,
data/crnn_crops/valid/d14e40de-b200-4311-9071-962724d79383_jpg.rf.54a3faf68c7dfc5a309a3e672a19a5e8.jpg,valid,3-0192,0.9473,1,D-DDDD,4,model-confident,
data/crnn_crops/valid/G08_jpg.rf.40423ecac7cd53187e12949c5caf0f26.jpg,valid,2-0277,0.9473,1,D-DDDD,4,model-confident,
data/crnn_crops/train/IMG_8133_jpg.rf.912913d157b7d0de06ed74c82fbb6752.jpg,train,2BB-2233,0.9474,1,DLL-DDDD,4,model-confident,
data/crnn_crops/train/triuffdhtek_jpg.rf.646d3a2635b89c09919907ee4e10ebcd.jpg,train,1Q-7972,0.9475,1,DL-DDDD,4,model-confident,
data/crnn_crops/train/IMG_9298_jpg.rf.dda672b5839fda7c9d26a9e75fcb1a26.jpg,train,2B-3787,0.9476,1,DL-DDDD,4,model-confident,
data/crnn_crops/train/Screenshot-2023-05-10-141818_png.rf.c0468c75ac67df9f68fb9ea02e37aed2.jpg,train,2A-1586,0.9478,1,DL-DDDD,4,model-confident,
data/crnn_crops/valid/IMG_9882_jpg.rf.4dfe3050140ede0e99b420f8347c666e.jpg,valid,3A-3625,0.9478,1,DL-DDDD,4,model-confident,
data/crnn_crops/train/IMG_6081_jpg.rf.e797afd99904c2b2c957abd33973c617.jpg,train,2C-0968,0.948,1,DL-DDDD,4,model-confident,
data/crnn_crops/train/Screenshot-2023-05-11-100918_png.rf.b8c80f473ca28c533be9e3ae2da59c1e.jpg,train,2AA-0064,0.9481,1,DLL-DDDD,4,model-confident,
data/crnn_crops/valid/1000fe2046_jpg.rf.14274e182f9b46e90bdaaaa03c950d37.jpg,valid,2K-9078,0.9481,1,DL-DDDD,4,model-confident,
data/crnn_crops/valid/IMG_9025_jpg.rf.cf3fac53a5cfdd13ad9e74e2b3201882.jpg,valid,3A-0287,0.9481,1,DL-DDDD,4,model-confident,
data/crnn_crops/train/IMG_8053_jpg.rf.b6f88899fd4d5980120e27153ebef084.jpg,train,1I-8566,0.9482,1,DL-DDDD,4,model-confident,
data/crnn_crops/train/photo_2017-09-06_09-22-12_jpg.rf.9e0fd3a15c2c0cd74b6ec56b77154110.jpg,train,1D-9800,0.9482,1,DL-DDDD,4,model-confident,
data/crnn_crops/valid/IMG_5143_jpg.rf.3d05becd9a28a2c79482d43334349dea.jpg,valid,2A-4006,0.9482,1,DL-DDDD,4,model-confident,
data/crnn_crops/valid/IMG_5622_jpg.rf.479ac0998cd4e1ac73f71e7bc1063a1a.jpg,valid,1D-9800,0.9482,1,DL-DDDD,4,model-confident,
data/crnn_crops/train/IMG_9327_jpg.rf.b2abb84ba03bfa9fbec496f08511eb15.jpg,train,1E-4706,0.9483,1,DL-DDDD,4,model-confident,
data/crnn_crops/train/s-mazda-020-thunder-full-355232167557883363847432-b_jpg.rf.852fc063196b9966c546a95acf0ce396.jpg,train,2B-1918,0.9483,1,DL-DDDD,4,model-confident,
data/crnn_crops/valid/images-7-_jpg.rf.35f31b66b99dca9c4d833319cc827889.jpg,valid,1Q-0123,0.9483,1,DL-DDDD,4,model-confident,
data/crnn_crops/train/a40cf338-0490-4ae5-ab24-4273eafa154d_jpg.rf.e5d91b5d0fd866038158a5fff2e8f048.jpg,train,4-0073,0.9484,1,D-DDDD,4,model-confident,
data/crnn_crops/train/IMG_4606_jpg.rf.4f83274116c6d74a3191e2c0c48c959c.jpg,train,2B-1303,0.9484,1,DL-DDDD,4,model-confident,
data/crnn_crops/train/rrttffderfv_jpg.rf.a984a385bac25efaa9ea6c6a6c4e2651.jpg,train,2A-0243,0.9484,1,DL-DDDD,4,model-confident,
data/crnn_crops/valid/IMG_8505_jpg.rf.633628c9cbe68549d0b25d16fbb15595.jpg,valid,2AL-2773,0.9484,1,DLL-DDDD,4,model-confident,
data/crnn_crops/train/IMG_9024_jpg.rf.ab4c01ece7b156107aee2a7732fb56b9.jpg,train,2B-8878,0.9485,1,DL-DDDD,4,model-confident,
data/crnn_crops/valid/photo_2019-05-04_20-24-44-300x169_jpg.rf.0dc518dcf60d0991d054b19ba7fd58e7.jpg,valid,2A-6688,0.9485,1,DL-DDDD,4,model-confident,
data/crnn_crops/train/corola03-le-9200-828920166960171432237578-b_jpg.rf.a4bb235b7a7b9c9ab7aee541536add9c.jpg,train,2B-8878,0.9486,1,DL-DDDD,4,model-confident,
data/crnn_crops/train/IMG_4604_jpg.rf.5bdac5e49715c2ee025cecbe95935dd9.jpg,train,3A-0679,0.9486,1,DL-DDDD,4,model-confident,
data/crnn_crops/valid/10004fbbdf_jpg.rf.f740eca3fc8f42fee64c0bdd02923743.jpg,valid,2S-6789,0.9487,1,DL-DDDD,4,model-confident,
data/crnn_crops/train/photo_2020-11-18_21-06-22_jpg.rf.c5be9fb7d483e7e21e493a75094ea326.jpg,train,3A-0287,0.9488,1,DL-DDDD,4,model-confident,
data/crnn_crops/valid/22069090_jpg.rf.e668cd89baab530a153d05171ec94b20.jpg,valid,2-1122,0.9488,1,D-DDDD,4,model-confident,
data/crnn_crops/valid/Kampong-Chhnang-number-plate_3_jpeg.rf.8e49ad40cd8ef95fa718758fef997d56.jpg,valid,2A-0720,0.9488,1,DL-DDDD,4,model-confident,
data/crnn_crops/train/IMG_3195_jpg.rf.5f482ff7d7e6565d0a29965369ddb893.jpg,train,1B-6667,0.949,1,DL-DDDD,4,model-confident,
data/crnn_crops/valid/d42a0fcf-0174-4356-8dd0-3bb0385d72d5_jpg.rf.ca524f7c2aaa6aa72aabe7247fc81d8e.jpg,valid,3-0030,0.949,1,D-DDDD,4,model-confident,
data/crnn_crops/train/IMG_3638_jpg.rf.860e72ab4126de40b1b78e06610ccb1d.jpg,train,1A-3312,0.9491,1,DL-DDDD,4,model-confident,
data/crnn_crops/train/IMG_6606_jpg.rf.99e31ad8a3350062ca3b2d0a9c39cd87.jpg,train,2A-0720,0.9491,1,DL-DDDD,4,model-confident,
data/crnn_crops/train/xcnmewrtygf_jpg.rf.b7161d42703c8195cb289e265b3dcebb.jpg,train,2B-3172,0.9491,1,DL-DDDD,4,model-confident,
data/crnn_crops/train/fa3882f7-7c99-4754-abf7-0c7110a2f0a5_jpg.rf.556b1be34dee8457980241d1e62f452d.jpg,train,4A-1214,0.9492,1,DL-DDDD,4,model-confident,
data/crnn_crops/valid/f1cb67c0-48f0-45d7-8670-a327879956be_jpg.rf.49f7636f0b44e6baf0aeea02cae88956.jpg,valid,3-0199,0.9493,1,D-DDDD,4,model-confident,
data/crnn_crops/valid/IMG_3666_jpg.rf.fe48c92852694478dfa9b4f51ad68ee3.jpg,valid,2A-6052,0.9493,1,DL-DDDD,4,model-confident,
data/crnn_crops/train/beat-2022-691997168059717850301686-c_jpg.rf.4dabe4e303d282f3fbf60bd221a7ca58.jpg,train,1T-3821,0.9495,1,DL-DDDD,4,model-confident,
data/crnn_crops/train/IMG_4490_jpg.rf.920c50cbe14db0d9263f07640e2719ac.jpg,train,1W-6954,0.9495,1,DL-DDDD,4,model-confident,
data/crnn_crops/valid/Screenshot-2023-05-10-135623_png.rf.bdb0aea74a175469f5f5f17571c19dfd.jpg,valid,2-0271,0.9495,1,D-DDDD,4,model-confident,
data/crnn_crops/train/faa4066d-42d5-43a0-b6fb-42ed83852d69_jpg.rf.b3763ac403c2d5135302d4328c96825d.jpg,train,4A-2718,0.9496,1,DL-DDDD,4,model-confident,
data/crnn_crops/train/IMG_5305_jpg.rf.b835658057b53c7a8c41c1ad028a8dc2.jpg,train,1-7631,0.9496,1,D-DDDD,4,model-confident,
data/crnn_crops/valid/e6bb50ad-8272-4c7f-bfe2-72e1c67f1437_jpg.rf.fd38a49d33b9b25462ea3f0d9b4888e8.jpg,valid,3A-1474,0.9497,1,DL-DDDD,4,model-confident,
data/crnn_crops/valid/IMG_7014_jpg.rf.b6c497eb0d1b4dfb39d49cbaa39406e7.jpg,valid,1-9726,0.9497,1,D-DDDD,4,model-confident,
data/crnn_crops/train/e09134ae-df82-4497-805a-babc038ba41d_jpg.rf.cab855b37bb92de2c5b5a43d210ba9d4.jpg,train,4-0057,0.9498,1,D-DDDD,4,model-confident,
data/crnn_crops/valid/IMG_5781_jpg.rf.5961f4278bf9a8dd61cdfe07f673dd51.jpg,valid,1I-5869,0.9498,1,DL-DDDD,4,model-confident,
data/crnn_crops/train/IMG_3052_jpg.rf.3cb9dafb604d72501f67238f651988eb.jpg,train,2A-1107,0.9499,1,DL-DDDD,4,model-confident,
data/crnn_crops/valid/-xle-335658168014704063769102-c_jpg.rf.ebb1949f881f07aa0203ad5a2d0abe9f.jpg,valid,2B-8980,0.9499,1,DL-DDDD,4,model-confident,
data/crnn_crops/valid/Prey-Veng-number-plate_29_jpeg.rf.49201e44b7e1a4399e9077e29e1718a8.jpg,valid,2C-0452,0.9499,1,DL-DDDD,4,model-confident,
data/crnn_crops/train/gs-300-full-option-p1-642169168164600530945416-b_jpg.rf.4938db30f61f18951d2754f3f433a10d.jpg,train,2D-5055,0.95,1,DL-DDDD,4,model-confident,
data/crnn_crops/train/IMG_6744_jpg.rf.9754cb5898fadc6ed38e9c7a48c71bc6.jpg,train,2B-9606,0.95,1,DL-DDDD,4,model-confident,
data/crnn_crops/train/IMG_5649_jpg.rf.ddb0bb2a74781481506ff936ba853921.jpg,train,2AZ-2327,0.9502,1,DLL-DDDD,4,model-confident,
data/crnn_crops/train/IMG_7313_jpg.rf.43391221c714328c68070b88abe4cbc8.jpg,train,1A-0261,0.9502,1,DL-DDDD,4,model-confident,
data/crnn_crops/train/Screenshot-2023-05-10-135539_png.rf.ad2541902844748131a25be2a15ace6b.jpg,train,2A-0208,0.9504,1,DL-DDDD,4,model-confident,
data/crnn_crops/valid/Screenshot-2023-05-10-141957_png.rf.43470968b1fcd2b6fa9b10071ecd5630.jpg,valid,2A-1744,0.9504,1,DL-DDDD,4,model-confident,
data/crnn_crops/train/Screenshot-2023-05-10-130713_png.rf.17c97d06d62a3dfc0a951b376fae10a0.jpg,train,2O-0005,0.9505,1,DL-DDDD,4,model-confident,
data/crnn_crops/train/IMG_7848_jpg.rf.3930abcbc9a94480bc202c737a3dacfb.jpg,train,3A-2980,0.9506,1,DL-DDDD,4,model-confident,
data/crnn_crops/valid/IMG_5659_jpg.rf.f3406331bdfe71d04472f1912264c78d.jpg,valid,1D-3760,0.9506,1,DL-DDDD,4,model-confident,
data/crnn_crops/train/IMG_2667_jpg.rf.60194a76e755dc12fd70ec4b15899d07.jpg,train,2A-1639,0.9507,1,DL-DDDD,4,model-confident,
data/crnn_crops/train/postnews-com-kh-2022-06-27_10-31-01_jpg.rf.756b8d5239463bd0104a8348556fc846.jpg,train,1N-6165,0.9507,1,DL-DDDD,4,model-confident,
data/crnn_crops/train/IMG_3780_jpg.rf.a871c4d2803619ef226e1d811787c253.jpg,train,1M-5539,0.9508,1,DL-DDDD,4,model-confident,
data/crnn_crops/train/photo_2019-08-10_16-22-07_jpg.rf.409afbc48bc8b16bc7ce1c63c0dea61c.jpg,train,1B-3504,0.9508,1,DL-DDDD,4,model-confident,
data/crnn_crops/train/IMG_d8229_JPG.rf.1057d20d03c6cff4e68aa6b53f312c26.jpg,train,2C-3880,0.9509,1,DL-DDDD,4,model-confident,
data/crnn_crops/train/ae1ebb1c-276b-4280-8340-5a2241e86920_jpg.rf.dabd57e0ff08fa6e476e3a0015fba653.jpg,train,4A-3133,0.951,1,DL-DDDD,4,model-confident,
data/crnn_crops/train/IMG_8803_JPG.rf.60ec8cac9fa6e2bbbc2cc40cb1d91c16.jpg,train,1U-4347,0.951,1,DL-DDDD,4,model-confident,
data/crnn_crops/train/IMG_3583_jpg.rf.c61cee203e682a69112e208bef9b1d55.jpg,train,2C-8788,0.9512,1,DL-DDDD,4,model-confident,
data/crnn_crops/valid/aa9b1e71-7007-418f-80f5-215e524af1cc_jpg.rf.1ba386ac9a04dff9122faf7442001935.jpg,valid,2B-1385,0.9513,1,DL-DDDD,4,model-confident,
data/crnn_crops/valid/Screenshot-2023-05-10-161104_png.rf.1b1be0eb2f27fbf232e919070aff08c0.jpg,valid,2A-1484,0.9514,1,DL-DDDD,4,model-confident,
data/crnn_crops/train/bc08dcb6-bc49-4322-835a-c0e0b316acb0_jpg.rf.88c7d0c18c89c33d45939a0bf604ad0c.jpg,train,3A-2691,0.9515,1,DL-DDDD,4,model-confident,
data/crnn_crops/valid/Screenshot-2023-05-10-160815_png.rf.c82451011a216adfcbc6c067f903dd0b.jpg,valid,2A-1420,0.9515,1,DL-DDDD,4,model-confident,
data/crnn_crops/train/Screenshot-2023-05-10-163555_png.rf.81706bf854a67316b7efa556ca962188.jpg,train,2A-0083,0.9516,1,DL-DDDD,4,model-confident,
data/crnn_crops/valid/963343C2-9359-45CF-AD2C-5713187dkf7C193_jpeg.rf.2e5e095aad26f79f2734f6706a8990e5.jpg,valid,2-4032,0.9516,1,D-DDDD,4,model-confident,
data/crnn_crops/train/d1a23fc7-d901-4f04-aed7-c1aa8eb48545_jpg.rf.d721d3a624c8992b4036f33b57745698.jpg,train,3A-0979,0.9517,1,DL-DDDD,4,model-confident,
data/crnn_crops/train/501958-1660621542-86563956-b_jpg.rf.d8d425a7b5b4d58d88330d3201f33bb1.jpg,train,1G-3127,0.9518,1,DL-DDDD,4,model-confident,
data/crnn_crops/train/cc843c20-720a-4007-841c-efdeac8d6542_jpg.rf.f0e54f54841e8f197f302d0bd4e422f7.jpg,train,3A-0873,0.9518,1,DL-DDDD,4,model-confident,
data/crnn_crops/valid/e2c1ed2c-59f7-438e-a2e7-69dbbac4d4e0_jpg.rf.4cf48c7890df1b37057cf166614072dc.jpg,valid,3-0104,0.9518,1,D-DDDD,4,model-confident,
data/crnn_crops/valid/images-5-_jpg.rf.7b8d82b1fede19aaf5db9a146b9c5934.jpg,valid,1I-0725,0.9518,1,DL-DDDD,4,model-confident,
data/crnn_crops/valid/-dream-2020-1350-629777166926787729763846-f_jpg.rf.ec89a7caa5b9f7a9b49d4b093b1e2c97.jpg,valid,1Q-5257,0.9519,1,DL-DDDD,4,model-confident,
data/crnn_crops/train/c71d7518-6755-48cc-8cf2-13919bbb89c6_jpg.rf.425f7b9c9790d8d70bc9dc976beaf580.jpg,train,3-0215,0.952,1,D-DDDD,4,model-confident,
data/crnn_crops/train/kjdaohgirekxsslrjughs_jpg.rf.144632735e3c67dba27d54e1332552aa.jpg,train,2B-1123,0.952,1,DL-DDDD,4,model-confident,
data/crnn_crops/train/images_jpg.rf.aa512cb09de49a5901b7d1dba0dfd07c.jpg,train,1G-8259,0.9521,1,DL-DDDD,4,model-confident,
data/crnn_crops/train/IMG_3389_jpg.rf.4b2ad21768c1f9f31c3dc05082121856.jpg,train,1E-2351,0.9521,1,DL-DDDD,4,model-confident,
data/crnn_crops/valid/IMG_6295_jpg.rf.0fa2c9f481de3c928794f0e2ec3c2f40.jpg,valid,3A-7576,0.9522,1,DL-DDDD,4,model-confident,
data/crnn_crops/train/Screenshot-2023-05-10-134433_png.rf.c7ca80bb0161efd30b5285be906cd8b1.jpg,train,2A-0398,0.9524,1,DL-DDDD,4,model-confident,
data/crnn_crops/valid/4b3ac9c3-d637-489c-9fba-3e27b2b92945_jpg.rf.6321f2bcbf9abb379dd5ab21aa4441f7.jpg,valid,3A-7204,0.9524,1,DL-DDDD,4,model-confident,
data/crnn_crops/train/akjgirhlantlkejrkr_jpg.rf.916434362600e6d039cacb40276234ed.jpg,train,2C-9691,0.9525,1,DL-DDDD,4,model-confident,
data/crnn_crops/train/IMG_8065_jpg.rf.85be3a6f9f2d0a2675f0760c8eff1ca3.jpg,train,2B-1123,0.9525,1,DL-DDDD,4,model-confident,
data/crnn_crops/train/Screenshot-2023-05-10-141743_png.rf.e6fb19074bb8718bcc72a0f217421e10.jpg,train,2A-1504,0.9526,1,DL-DDDD,4,model-confident,
data/crnn_crops/valid/IMG_2795_jpg.rf.7078a9f41b03b70977fea6549a5c5448.jpg,valid,2C-0206,0.9526,1,DL-DDDD,4,model-confident,
data/crnn_crops/valid/22024847_jpg.rf.585f02424285f1597b3b1b8d3a374b7e.jpg,valid,3-0050,0.9527,1,D-DDDD,4,model-confident,
data/crnn_crops/train/IMG_d8593_JPG.rf.e3cdbc8d6a7920874e0e480c1e659c1f.jpg,train,2C-1590,0.9528,1,DL-DDDD,4,model-confident,
data/crnn_crops/train/Screenshot-2023-05-10-141721_png.rf.1087bffa3510b21afc0d9a404ea841c9.jpg,train,2A-1469,0.9528,1,DL-DDDD,4,model-confident,
data/crnn_crops/train/IMG_5978_jpg.rf.9d216acf94aeef82b2e3a780a8e4330c.jpg,train,2AM-6867,0.9529,1,DLL-DDDD,4,model-confident,
data/crnn_crops/train/IMG_1241_jpg.rf.50150bcd5b3ccb1e54bc30d6228c1568.jpg,train,1L-3685,0.9531,1,DL-DDDD,4,model-confident,
data/crnn_crops/train/IMG_4649_jpg.rf.8c72dd5229593d8ef13cdd7f7e265515.jpg,train,2A-0067,0.9532,1,DL-DDDD,4,model-confident,
data/crnn_crops/train/Screenshot-2023-05-10-163454_png.rf.07cda1868f5178d53e6455a049def484.jpg,train,2A-0067,0.9532,1,DL-DDDD,4,model-confident,
data/crnn_crops/train/b639c5b6-4491-4d35-9b96-e82fc1a1f95e_jpg.rf.77fb38ad12e609d73e7cc910cca05f18.jpg,train,3A-7692,0.9534,1,DL-DDDD,4,model-confident,
data/crnn_crops/valid/IMG_9867_jpg.rf.01c9fc86ad2ffc828ead543a66204270.jpg,valid,1AH-9081,0.9535,1,DLL-DDDD,4,model-confident,
data/crnn_crops/train/Stung-Treng-number-plate_23_jpeg.rf.ed761d2a586ffa122bccfc76c78423f6.jpg,train,2-2588,0.9536,1,D-DDDD,4,model-confident,
data/crnn_crops/train/IMG_4474_jpg.rf.271c15efdd3414980eeeac214ac0bda5.jpg,train,1I-8762,0.9537,1,DL-DDDD,4,model-confident,
data/crnn_crops/train/IMG_5641_jpg.rf.adb0254b7df08fb0e1cca52dde087752.jpg,train,1P-8945,0.9537,1,DL-DDDD,4,model-confident,
data/crnn_crops/train/IMG_5724_jpg.rf.e679d37cc97d15e32bcd5d6aabe17d5a.jpg,train,1S-1835,0.9537,1,DL-DDDD,4,model-confident,
data/crnn_crops/valid/Takeo-number-plate_22_jpeg.rf.53bb7512653d641ecad313b4f9b27070.jpg,valid,2AC-8734,0.9538,1,DLL-DDDD,4,model-confident,
data/crnn_crops/train/IMG_4011_jpg.rf.cab89a238663a14626911a70bbb3b614.jpg,train,2D-9197,0.9539,1,DL-DDDD,4,model-confident,
data/crnn_crops/valid/365d5947-8f23-4213-bdbb-7c05b3c9c66f_jpg.rf.c04f388f7cd4077ec757afa1f2f255a3.jpg,valid,3A-1112,0.9539,1,DL-DDDD,4,model-confident,
data/crnn_crops/valid/IMG_8409_jpg.rf.7a74eb5ad14a27a1870820ae8237cd6c.jpg,valid,2B-1814,0.9539,1,DL-DDDD,4,model-confident,
data/crnn_crops/train/Screenshot-2023-05-11-110141_png.rf.d1ddb281d7b26a2d10a9d8f33574a4b4.jpg,train,2A-0118,0.954,1,DL-DDDD,4,model-confident,
data/crnn_crops/train/IMG_4460_jpg.rf.8ec9f3a4c43043ee30cc3fb808842cc6.jpg,train,2A-0243,0.9541,1,DL-DDDD,4,model-confident,
data/crnn_crops/valid/IMG_8459_jpg.rf.1b6bf3670b228a25b3d85e2f1efcda53.jpg,valid,2B-9915,0.9541,1,DL-DDDD,4,model-confident,
data/crnn_crops/train/b69886b4-da88-43ab-848d-bf76c37809c9_jpg.rf.281a7b5bcf093805e20dcd3f84ffae8e.jpg,train,3-0104,0.9542,1,D-DDDD,4,model-confident,
data/crnn_crops/train/IMG_5962_jpg.rf.f37721e4cb68a83db13099f5469a94d5.jpg,train,2B-3787,0.9542,1,DL-DDDD,4,model-confident,
data/crnn_crops/valid/2b186b15-e312-4661-bfe3-dd8cc3f76de4_jpg.rf.4351bc1f3e7fcb4deddd2e80405e625e.jpg,valid,3A-2696,0.9542,1,DL-DDDD,4,model-confident,
data/crnn_crops/train/f587ff68-c49c-40da-a23f-66824e1f0748_jpg.rf.75470d02d1aa60e8cc407d4a2583ec05.jpg,train,1A-8663,0.9544,1,DL-DDDD,4,model-confident,
data/crnn_crops/train/Screenshot-2023-05-10-163813_png.rf.c743e18e9060f0b77968c6ac2f4e0e11.jpg,train,2A-0068,0.9544,1,DL-DDDD,4,model-confident,
data/crnn_crops/train/Screenshot-2023-05-10-161130_png.rf.bd707a6f3372fdf8c213cb0766b347c4.jpg,train,2-1491,0.9545,1,D-DDDD,4,model-confident,
data/crnn_crops/valid/c9167cbf-48bc-4f3d-b815-edbed93c1b42_jpg.rf.766f9be24a76341ba3e9f3693b4ec384.jpg,valid,3A-1129,0.9545,1,DL-DDDD,4,model-confident,
data/crnn_crops/train/fa64a722-84cb-453b-937e-8a23bc1652bb_jpg.rf.94ed2d823bac00fea65798967281a961.jpg,train,3-0210,0.9546,1,D-DDDD,4,model-confident,
data/crnn_crops/train/IMG_3858_jpg.rf.d17f92e715b2f36501cea6f849833b04.jpg,train,2BP-1113,0.9547,1,DLL-DDDD,4,model-confident,
data/crnn_crops/train/a35bd57a-48ff-4030-9991-3e3342e3848a_jpg.rf.d23904f560962e3ce302562a5766638f.jpg,train,3-0991,0.9549,1,D-DDDD,4,model-confident,
data/crnn_crops/valid/c18560b1-2a17-497c-98f7-333de82c09c2_jpg.rf.5882e4841733fbed17b5f55887d92b69.jpg,valid,3-0211,0.9552,1,D-DDDD,4,model-confident,
data/crnn_crops/valid/kdsjyitjjtqfkjhnb_jpg.rf.fcfcfe15b7e7b24e08d90c8705343bd7.jpg,valid,2C-9091,0.9552,1,DL-DDDD,4,model-confident,
data/crnn_crops/train/IMG_7224_jpg.rf.e51294283dfe8e662d1d6d2d8db48de2.jpg,train,2A-1165,0.9553,1,DL-DDDD,4,model-confident,
data/crnn_crops/train/IMG_8467_jpg.rf.58f343ec76699a06f65658938f41ea92.jpg,train,2A-1030,0.9553,1,DL-DDDD,4,model-confident,
data/crnn_crops/train/Screenshot-2023-05-10-134447_png.rf.d960e9da2ba1c45a202a2e524253bcec.jpg,train,2A-0415,0.9554,1,DL-DDDD,4,model-confident,
data/crnn_crops/valid/14572d4f-03cb-4fbd-9ae2-cf47eee31db5_jpg.rf.23121e0a3985305f0d2a32aa52c278fd.jpg,valid,3C-4518,0.9554,1,DL-DDDD,4,model-confident,
data/crnn_crops/valid/Screenshot-2023-05-10-142047_png.rf.7688d35718752887d18824bc6d03c434.jpg,valid,2-1761,0.9554,1,D-DDDD,4,model-confident,
data/crnn_crops/train/f1c4ea5a-4295-413d-8300-5172178bc415_jpg.rf.04ea05d1ff66ec1d9944953bc35348c1.jpg,train,4A-0387,0.9557,1,DL-DDDD,4,model-confident,
data/crnn_crops/train/IMG_9273_jpg.rf.a0283c52526ad39c77c497dc0eee8a64.jpg,train,2BR-3493,0.9557,1,DLL-DDDD,4,model-confident,
data/crnn_crops/train/IMG_8340_jpg.rf.ea6725adc3246fcefe8354c8c062fda2.jpg,train,1AG-1956,0.9558,1,DLL-DDDD,4,model-confident,
data/crnn_crops/valid/Screenshot-2023-05-10-143206_png.rf.46ff34abafe0967f8f53876e2dd0e437.jpg,valid,2A-0433,0.9558,1,DL-DDDD,4,model-confident,
data/crnn_crops/train/Phnom-Penh-number-plate_15_jpeg.rf.96a9c858bb4940ba18dd856c37b65de5.jpg,train,2AE-1622,0.9559,1,DLL-DDDD,4,model-confident,
data/crnn_crops/valid/IMG_4600_jpg.rf.03a82517e3323ae6dc4efa8ecdded08c.jpg,valid,2C-8000,0.9559,1,DL-DDDD,4,model-confident,
data/crnn_crops/train/d61c5cb0-f19a-44e5-8f9c-6c43c53b76b7_jpg.rf.99e5d99f6814d5c247fac4f2a3bcb45a.jpg,train,3-0214,0.9561,1,D-DDDD,4,model-confident,
data/crnn_crops/train/Screenshot-2023-05-10-142021_png.rf.377bb8d15f156956408a84282e259bd0.jpg,train,2A-1757,0.9561,1,DL-DDDD,4,model-confident,
data/crnn_crops/train/IMG_5886_jpg.rf.23432eb29944dbb7c5eae30997b9565e.jpg,train,2C-6199,0.9562,1,DL-DDDD,4,model-confident,
data/crnn_crops/train/IMG_8122_jpg.rf.572bd4a2c03da5037fc516b6e7cdfed8.jpg,train,1M-7559,0.9562,1,DL-DDDD,4,model-confident,
data/crnn_crops/train/fdklajgirjkjvnvskdjfksld_jpg.rf.8b2851e7d549092611ad471f6b1e699d.jpg,train,1T-4787,0.9563,1,DL-DDDD,4,model-confident,
data/crnn_crops/train/IMG_8170_jpg.rf.ddd4a69a1777b3ae8c3799361b700351.jpg,train,1AE-1714,0.9563,1,DLL-DDDD,4,model-confident,
data/crnn_crops/valid/images-1-_jpg.rf.5649a0b6649d916e06b6d3b8a3a5f86d.jpg,valid,3A-3037,0.9563,1,DL-DDDD,4,model-confident,
data/crnn_crops/valid/images-18-_jpg.rf.6bfcb6f6c6ee6d569bbe780408f758d7.jpg,valid,1P-8299,0.9563,1,DL-DDDD,4,model-confident,
data/crnn_crops/train/Screenshot-2023-05-10-163535_png.rf.ab7d292516b6536527dda7670362b076.jpg,train,2A-0076,0.9565,1,DL-DDDD,4,model-confident,
data/crnn_crops/valid/c28dd772-aa2f-4c6e-a326-623b464c9156_jpg.rf.c5762dd00d0223e104e47e27ec243c37.jpg,valid,3-0218,0.9565,1,D-DDDD,4,model-confident,
data/crnn_crops/valid/Screenshot-2023-05-10-163747_png.rf.33d674c8db0584170205f489ad4e8863.jpg,valid,2A-0074,0.9566,1,DL-DDDD,4,model-confident,
data/crnn_crops/train/Screenshot-2023-05-10-163651_png.rf.ab511bbb4c7109fcd099988a43605104.jpg,train,2A-0104,0.9568,1,DL-DDDD,4,model-confident,
data/crnn_crops/train/wertyuioiuythvc_jpg.rf.c1978a9533b56b39f9aa6ebc09081e45.jpg,train,1B-3504,0.9568,1,DL-DDDD,4,model-confident,
data/crnn_crops/train/IMG_d9818_JPG.rf.b8318c7cd74b05304fc7ab0727ef23c4.jpg,train,1AD-9192,0.9569,1,DLL-DDDD,4,model-confident,
data/crnn_crops/train/IMG_7963_jpg.rf.ff9d62d9e72b175fcea790de7da2cd2f.jpg,train,1I-7271,0.957,1,DL-DDDD,4,model-confident,
data/crnn_crops/valid/0b7c51d3-22f1-46e6-b38b-dd9206735ac7_jpg.rf.754349d8f5d1daad8e21b06e9fa3bdd5.jpg,valid,3D-3350,0.957,1,DL-DDDD,4,model-confident,
data/crnn_crops/valid/1000741c27_jpg.rf.0005dfe4218cc9fbe3aaee5578f4e894.jpg,valid,2-3049,0.957,1,D-DDDD,4,model-confident,
data/crnn_crops/valid/IMG_5078_jpg.rf.0710c06192ecc2db48697597c2de72a4.jpg,valid,1H-5657,0.957,1,DL-DDDD,4,model-confident,
data/crnn_crops/valid/maxresdefault_jpg.rf.d7980754ac92dc06f5ef13db95994dca.jpg,valid,2B-3969,0.957,1,DL-DDDD,4,model-confident,
data/crnn_crops/train/Screenshot-2023-05-10-135601_png.rf.b725b46ddeb5a5b079bfd0aca761c1ab.jpg,train,2A-0244,0.9571,1,DL-DDDD,4,model-confident,
data/crnn_crops/valid/IMG_9965_jpg.rf.81ee25d15fadaf590fc3b3f7b01907ec.jpg,valid,1P-3006,0.9571,1,DL-DDDD,4,model-confident,
data/crnn_crops/valid/05efbccb-56d9-419d-9a6e-c1c92b276d45_jpg.rf.6b94285d157dbfa9a04a97958b916173.jpg,valid,2AR-6925,0.9572,1,DLL-DDDD,4,model-confident,
data/crnn_crops/train/images-3-_jpg.rf.c3c8360a98e99e3f417f8083c63a0831.jpg,train,1G-8259,0.9574,1,DL-DDDD,4,model-confident,
data/crnn_crops/train/IMG_4138_jpg.rf.5dd55262d5f4aaa6d7b9726c97a379d4.jpg,train,1P-8299,0.9574,1,DL-DDDD,4,model-confident,
data/crnn_crops/valid/photo_2021-03-17_13-21-42-1024x768_jpg.rf.db30313c76f04725b297d424a0c47d46.jpg,valid,1H-1406,0.9575,1,DL-DDDD,4,model-confident,
data/crnn_crops/train/tsac180422002-1-_jpg.rf.e21c77ed27d3393a41630648e88f8b38.jpg,train,2A-8109,0.9576,1,DL-DDDD,4,model-confident,
data/crnn_crops/valid/ksjsks_jpg.rf.1867bf2e1030ac12117e15461df8379d.jpg,valid,2-9139,0.9576,1,D-DDDD,4,model-confident,
data/crnn_crops/valid/Screenshot-2023-05-31-142638_png.rf.0fcab32b3adb448cdd43ca2947f3431c.jpg,valid,2B-7207,0.9577,1,DL-DDDD,4,model-confident,
data/crnn_crops/train/IMG_7868_jpg.rf.8eab2ec7c4b5efe0ee47c0cd45cd9b00.jpg,train,3A-2148,0.9578,1,DL-DDDD,4,model-confident,
data/crnn_crops/train/fakjioeanfabojgrw_jpg.rf.c0d9c587e053f37e1c47313b3ec5e69e.jpg,train,2A-1264,0.9579,1,DL-DDDD,4,model-confident,
data/crnn_crops/train/IMG_2979_jpg.rf.89697f3627fff52c64fcd13f395b9432.jpg,train,2A-1264,0.9579,1,DL-DDDD,4,model-confident,
data/crnn_crops/train/IMG_8011_jpg.rf.717fc5c41c98c5242291c90d4426b47c.jpg,train,2C-1427,0.958,1,DL-DDDD,4,model-confident,
data/crnn_crops/valid/hilux-tiger-2003-331213167844570994738925-j_jpg.rf.82f536ff12f4525bf96d842e9c9b5af5.jpg,valid,2B-3787,0.958,1,DL-DDDD,4,model-confident,
data/crnn_crops/train/fhagyh5rhgu_jpg.rf.71caa872e8f2e6edad4e823cf88542cb.jpg,train,2C-9091,0.9581,1,DL-DDDD,4,model-confident,
data/crnn_crops/train/IMG_7225_jpg.rf.e60512aa8126086e3a3f714f49019615.jpg,train,3A-2899,0.9581,1,DL-DDDD,4,model-confident,
data/crnn_crops/valid/1000eb0b46_jpg.rf.1fc4335206c709a59771e49fe2633b33.jpg,valid,3-2049,0.9581,1,D-DDDD,4,model-confident,
data/crnn_crops/train/IMG_8488_JPG.rf.ec0fb56d0e5c4efd7f6852d5ca3402fc.jpg,train,1H-2809,0.9582,1,DL-DDDD,4,model-confident,
data/crnn_crops/train/IMG_8641_jpg.rf.aa410facb2b5b8013031750665c6cb73.jpg,train,1E-8906,0.9583,1,DL-DDDD,4,model-confident,
data/crnn_crops/valid/Prey-Veng-number-plate_28_jpeg.rf.83d210877efb01c30219c650d81cac2d.jpg,valid,1HA-3679,0.9583,1,DLL-DDDD,4,model-confident,
data/crnn_crops/train/IMG_5877_jpg.rf.9eb4531626033718fdf266831ef3b416.jpg,train,2C-1617,0.9584,1,DL-DDDD,4,model-confident,
data/crnn_crops/valid/Screenshot-2023-05-10-142650_png.rf.ba8dcdf126827b37cc3e0521bfea5b11.jpg,valid,2A-0091,0.9584,1,DL-DDDD,4,model-confident,
data/crnn_crops/valid/images-10-_jpg.rf.81051c144ade41c31eef8f67405208b5.jpg,valid,2C-4005,0.9585,1,DL-DDDD,4,model-confident,
data/crnn_crops/valid/images-7-_jpg.rf.274dfcf52bb1cd8014309b16e81ad422.jpg,valid,1P-3006,0.9585,1,DL-DDDD,4,model-confident,
data/crnn_crops/valid/IMG_7786_jpg.rf.3d9387a9a3504d137bc11ebb61ebb344.jpg,valid,2A-3565,0.9585,1,DL-DDDD,4,model-confident,
data/crnn_crops/train/IMG_8738_jpg.rf.1452b9ef92623c9080566b5ce7fab83d.jpg,train,2A-0243,0.9586,1,DL-DDDD,4,model-confident,
data/crnn_crops/valid/-666522168307804748687479-b_jpg.rf.45e50ec0e85333434e8935a9f2f61874.jpg,valid,2C-9091,0.9586,1,DL-DDDD,4,model-confident,
data/crnn_crops/valid/3a47dc28-b41e-49b7-9647-1ff9d35c9af9_jpg.rf.dfd6f389fd3fa8871d9d18a13341fd6b.jpg,valid,3A-7194,0.9586,1,DL-DDDD,4,model-confident,
data/crnn_crops/train/IMG_6592_jpg.rf.a13e7bd25bb5f4d25789036c1d1da10e.jpg,train,3A-2450,0.9588,1,DL-DDDD,4,model-confident,
data/crnn_crops/valid/psc788310522002-1-_jpg.rf.fd3fe72b7ca0ac610c0970a8e4359225.jpg,valid,2D-1516,0.9588,1,DL-DDDD,4,model-confident,
data/crnn_crops/valid/Screenshot-2023-05-11-110150_png.rf.d722d3278a3253a3f25c26dd3bc83645.jpg,valid,2A-0145,0.9588,1,DL-DDDD,4,model-confident,
data/crnn_crops/train/images-3-_jpg.rf.5ca934366ac7bfba1252774332a41207.jpg,train,3A-2450,0.9589,1,DL-DDDD,4,model-confident,
data/crnn_crops/train/IMG_9380_jpg.rf.5a078a7acdbfd7e3ed36096afc613ef4.jpg,train,2B-1537,0.959,1,DL-DDDD,4,model-confident,
data/crnn_crops/valid/73feb670-e6d7-4e99-85e5-8b2cce74f197_jpg.rf.497b7f7b71c0772b349c45c1413f9cc4.jpg,valid,4-0051,0.959,1,D-DDDD,4,model-confident,
data/crnn_crops/train/d1bb2b72-da94-4d37-b342-28eb6fbdecff_jpg.rf.0b15ec302df8ae9dbd37992eef5d9232.jpg,train,4A-3895,0.9591,1,DL-DDDD,4,model-confident,
data/crnn_crops/valid/kpc-1259-1_jpg.rf.4a5b8026b634acd4ce6442796ae859f9.jpg,valid,1A-1259,0.9591,1,DL-DDDD,4,model-confident,
data/crnn_crops/train/b4cbc969-e7df-4574-8d3c-d262be949c60_jpg.rf.69120e0419446352f9c32bffcc365566.jpg,train,4-0065,0.9593,1,D-DDDD,4,model-confident,
data/crnn_crops/train/IMG_8945_jpg.rf.cbe1da15e11913a00200f3636c55492f.jpg,train,1HA-3679,0.9593,1,DLL-DDDD,4,model-confident,
data/crnn_crops/valid/komsatkhean_665637_cover_1628768929_78_jpg.rf.1afda99384c4800ac6b618037895a99e.jpg,valid,3A-1580,0.9593,1,DL-DDDD,4,model-confident,
data/crnn_crops/train/IMG_6247_jpg.rf.3f52988be14b4f0f1819815f8bbb6bff.jpg,train,2AA-7804,0.9594,1,DLL-DDDD,4,model-confident,
data/crnn_crops/valid/photo_2023-05-31_16-47-06_jpg.rf.c1f4eab7ad2d41eabd7fb9652e51a9b1.jpg,valid,1B-9207,0.9594,1,DL-DDDD,4,model-confident,
data/crnn_crops/train/fabcf987-9b4d-4f91-b473-20cd855891eb_jpg.rf.bd9edbbc1c26877e190e7064d9d98d7d.jpg,train,4-0065,0.9595,1,D-DDDD,4,model-confident,
data/crnn_crops/train/Screenshot-2023-05-10-163718_png.rf.52c48b7d747ba8d54387a21a4281fd56.jpg,train,2A-0092,0.9595,1,DL-DDDD,4,model-confident,
data/crnn_crops/train/b2a658e2-78ab-48dc-aabc-b2747492f575_jpg.rf.796ddb8f10dcdafec7b10ec52ecdc8d0.jpg,train,3A-2067,0.9597,1,DL-DDDD,4,model-confident,
data/crnn_crops/train/IMG_8699_jpg.rf.655a2f661a5fdaff4c6295e317448ca1.jpg,train,1AB-3641,0.9598,1,DLL-DDDD,4,model-confident,
data/crnn_crops/valid/IMG_5652_jpg.rf.ebafb2f1b7511510d67698cadbeaff95.jpg,valid,1G-9900,0.9598,1,DL-DDDD,4,model-confident,
data/crnn_crops/train/IMG_2966_jpg.rf.6e327b1c5d0ad1fa3993b2a419a2876f.jpg,train,2A-4455,0.9599,1,DL-DDDD,4,model-confident,
data/crnn_crops/train/photo_2023-05-31_16-45-57-2-_jpg.rf.fb509348b663d2ca781829555e8aeb55.jpg,train,1E-8906,0.9599,1,DL-DDDD,4,model-confident,
data/crnn_crops/train/e0750c0c-8b65-4761-b594-a64cc67d51fe_jpg.rf.52cbf562d95dfdd7eafb97f23d24488e.jpg,train,3-0195,0.96,1,D-DDDD,4,model-confident,
data/crnn_crops/train/IMG_8926_jpg.rf.42c39e93291517a9aaae7603bd6062fb.jpg,train,3A-0429,0.96,1,DL-DDDD,4,model-confident,
data/crnn_crops/train/hilux-tiger-2003-331213168363499dkfkf816437556-b_jpg.rf.f8143f8d2be79b2725229918b3d1a8bb.jpg,train,2B-3787,0.9601,1,DL-DDDD,4,model-confident,
data/crnn_crops/train/images-13-_jpg.rf.1d9c499443aa693d3057c7f899b913ee.jpg,train,2A-2850,0.9601,1,DL-DDDD,4,model-confident,
data/crnn_crops/valid/018c17a1-54d8-4924-bb7a-f707be551ccd_jpg.rf.70c83f9ec805224642de455c403dd9da.jpg,valid,2H-0437,0.9602,1,DL-DDDD,4,model-confident,
data/crnn_crops/train/IMG_4137_jpg.rf.42c00f335402c91ba9cd87e2e4cae200.jpg,train,1A-1259,0.9603,1,DL-DDDD,4,model-confident,
data/crnn_crops/train/cam-photo-platefkffas-800x533_jpg.rf.aabb0b9b9f690f65364c38d7611b984e.jpg,train,2-7922,0.9604,1,D-DDDD,4,model-confident,
data/crnn_crops/train/Screenshot-2023-05-10-161025_png.rf.892c6f3a225ac029cea77f45ff97d775.jpg,train,2A-1450,0.9604,1,DL-DDDD,4,model-confident,
data/crnn_crops/valid/IMG_7341_jpg.rf.277d68686ab717e5b2b366fc00fdc685.jpg,valid,1E-9332,0.9604,1,DL-DDDD,4,model-confident,
data/crnn_crops/train/IMG_7944_jpg.rf.bc8d76a83d501c8d57d3c15431ad0c44.jpg,train,1B-3504,0.9605,1,DL-DDDD,4,model-confident,
data/crnn_crops/train/067c470f-213b-4d00-8662-e437799dbb67_jpg.rf.e459cd3f9d6c2d18ae35210315a99832.jpg,train,2AC-0022,0.9606,1,DLL-DDDD,4,model-confident,
data/crnn_crops/valid/10007a19b0_jpg.rf.9caf61fba72d51a3f9429299fd3b2dc0.jpg,valid,2BA-9090,0.9606,1,DLL-DDDD,4,model-confident,
data/crnn_crops/valid/IMG_6520_jpg.rf.1cf35590e605d89b580558f10c249571.jpg,valid,3A-5757,0.9606,1,DL-DDDD,4,model-confident,
data/crnn_crops/train/IMG_3049_jpg.rf.c9cbd493dd910135456ea845e0acd0db.jpg,train,1Q-3924,0.9607,1,DL-DDDD,4,model-confident,
data/crnn_crops/train/IMG_5456_jpg.rf.54c3fb08cdd528fde8ddf97768048159.jpg,train,1B-1590,0.9607,1,DL-DDDD,4,model-confident,
data/crnn_crops/valid/-camry-02-xle-10500-09744498930965721364-723715167565400925042021-b_jpg.rf.edec4ae0628bbce65e39006864c1afc0.jpg,valid,2B-3833,0.9607,1,DL-DDDD,4,model-confident,
data/crnn_crops/train/IMG_4583_jpg.rf.6ce7642a32e4d64a60fa2168070eb9d8.jpg,train,2B-3833,0.9608,1,DL-DDDD,4,model-confident,
data/crnn_crops/train/IMG_2600_jpg.rf.48ac42058ba6ce5f0d2ee27c825e0e23.jpg,train,2B-9775,0.9609,1,DL-DDDD,4,model-confident,
data/crnn_crops/train/IMG_6993_jpg.rf.8cae8e6e0beeee553bbdb29bc1b80261.jpg,train,3C-2999,0.9609,1,DL-DDDD,4,model-confident,
data/crnn_crops/valid/images-6-_jpg.rf.cea172d3bf9aa301bdef47b664397c69.jpg,valid,1M-7000,0.9609,1,DL-DDDD,4,model-confident,
data/crnn_crops/train/images-23-_jpg.rf.45bfb19f6b80a8b777c4463f42b0e53a.jpg,train,1A-1177,0.9611,1,DL-DDDD,4,model-confident,
data/crnn_crops/valid/images-16-_jpg.rf.55edba0f6b84de866aaf1660da0e1a77.jpg,valid,1Q-3924,0.9611,1,DL-DDDD,4,model-confident,
data/crnn_crops/train/klsjelsjsk_jpg.rf.95603b7c95efec72dc96a758ed27880d.jpg,train,2A-4545,0.9612,1,DL-DDDD,4,model-confident,
data/crnn_crops/train/eae4cfae-370a-442e-b5f2-b2bdc869cc0b_jpg.rf.c3c22323262fe78c87082e225b16f79b.jpg,train,4-0054,0.9613,1,D-DDDD,4,model-confident,
data/crnn_crops/train/IMG_d5854_JPG.rf.f7bcafae712affcabe712f76accb0fe5.jpg,train,1T-5454,0.9613,1,DL-DDDD,4,model-confident,
data/crnn_crops/train/Screenshot-2023-05-10-134500_png.rf.d187c1deb776610564e07a305a578747.jpg,train,2A-0479,0.9613,1,DL-DDDD,4,model-confident,
data/crnn_crops/train/a14985a6-cbfb-4fac-8225-7590a70a7831_jpg.rf.735730fde02daf2c7628fdedf22c938b.jpg,train,3A-1302,0.9614,1,DL-DDDD,4,model-confident,
data/crnn_crops/valid/39958113-d61c-4378-a94c-171945db684e_jpg.rf.be0dbc56e8479038c310fad77ccde4e2.jpg,valid,4A-0393,0.9614,1,DL-DDDD,4,model-confident,
data/crnn_crops/train/images-7-_jpg.rf.edefb6cc9b5439374661d351d9a60aef.jpg,train,1M-3708,0.9615,1,DL-DDDD,4,model-confident,
data/crnn_crops/train/IMG_7463_jpg.rf.7f7273daaafce88c83e1a15a1d6a857a.jpg,train,1G-8259,0.9615,1,DL-DDDD,4,model-confident,
data/crnn_crops/train/Screenshot-2023-05-10-141909_png.rf.03630387ebe69f68fe6ee0f12fc68c58.jpg,train,2A-1649,0.9615,1,DL-DDDD,4,model-confident,
data/crnn_crops/train/IMG_3063_jpg.rf.3ec92fdf2117dc92c02c4543c59a341a.jpg,train,2A-1649,0.9619,1,DL-DDDD,4,model-confident,
data/crnn_crops/valid/IMG_8914_jpg.rf.b81c94398f908f1a911f40afdf5a5c8e.jpg,valid,2C-0968,0.9619,1,DL-DDDD,4,model-confident,
data/crnn_crops/train/IMG_4405_jpg.rf.157cd33ba50e94fa048ea1d1cbd19e72.jpg,train,2A-0004,0.9621,1,DL-DDDD,4,model-confident,
data/crnn_crops/train/IMG_3081_jpg.rf.666b0ce398d5f6bb72c9f90656fd8c0d.jpg,train,2B-8878,0.9622,1,DL-DDDD,4,model-confident,
data/crnn_crops/train/IMG_5396_jpg.rf.28c98c2f93e9893fdb6e4c23f566cd5a.jpg,train,4A-0393,0.9622,1,DL-DDDD,4,model-confident,
data/crnn_crops/train/IMG_4907_jpg.rf.8bcfa72a4919bacb9e3d58d6b3a07757.jpg,train,3A-9090,0.9623,1,DL-DDDD,4,model-confident,
data/crnn_crops/train/Screenshot-2023-05-11-110058_png.rf.8edb412815a8dc2f995b70b985939f07.jpg,train,2A-0064,0.9623,1,DL-DDDD,4,model-confident,
data/crnn_crops/valid/3f0370c1-5924-4998-a05b-36bb5b13d370_jpg.rf.48753d63e0631c117bdb99ded62c1092.jpg,valid,4A-0876,0.9623,1,DL-DDDD,4,model-confident,
data/crnn_crops/valid/Siem-Reap-number-plate_6_jpeg.rf.3c8e6dff80916b08a294cd6c3a394a81.jpg,valid,2A-0034,0.9623,1,DL-DDDD,4,model-confident,
data/crnn_crops/train/IMG_6079_jpg.rf.2c465ad22cec3c31d11d235e2878e8b6.jpg,train,3A-2450,0.9624,1,DL-DDDD,4,model-confident,
data/crnn_crops/valid/IMG_6179_jpg.rf.c2132fa81b640ec1fb0926ca2e052d3b.jpg,valid,3A-7662,0.9624,1,DL-DDDD,4,model-confident,
data/crnn_crops/train/IMG_124_jpg.rf.c8fdc72969721b5578def76e8c93de7a.jpg,train,1M-0088,0.9627,1,DL-DDDD,4,model-confident,
data/crnn_crops/train/received_1672055813144103-1024x768_jpeg.rf.87713e2c80f8b227bf57b2f9114b19ff.jpg,train,1P-3619,0.9627,1,DL-DDDD,4,model-confident,
data/crnn_crops/train/Screenshot-2023-05-10-130656_png.rf.1b1885a962a42b3d11f59c52d75a9e28.jpg,train,2O-0004,0.9627,1,DL-DDDD,4,model-confident,
data/crnn_crops/valid/IMG_3994_jpg.rf.3d8696fca8f864e5b083b19642b03ccd.jpg,valid,1P-3619,0.9627,1,DL-DDDD,4,model-confident,
data/crnn_crops/train/IMG_9676_jpg.rf.71c6511ae65adb4e8ceb7683fa255770.jpg,train,1I-5869,0.9629,1,DL-DDDD,4,model-confident,
data/crnn_crops/valid/2-25_jpg.rf.3c9c58f628fe492cd26a5cd3a154d5bd.jpg,valid,2-3236,0.9629,1,D-DDDD,4,model-confident,
data/crnn_crops/train/ea905900-d9b0-4f4d-941e-a0275725113e_jpg.rf.5d6757f0483adcd903e64df06e7f2807.jpg,train,3A-7442,0.963,1,DL-DDDD,4,model-confident,
data/crnn_crops/train/IMG_5854_jpg.rf.cc05b50a5a0890564a492d24ad02d5ce.jpg,train,2CB-4207,0.963,1,DLL-DDDD,4,model-confident,
data/crnn_crops/valid/101679978_2661811137421380_3038413766753517568_n_jpg.rf.155c17e65d7b656088c1f1fc0a00cb13.jpg,valid,2-7715,0.963,1,D-DDDD,4,model-confident,
data/crnn_crops/valid/IMG_5146_jpg.rf.6e4c903dff8ae02e09e6e5ff18a1a771.jpg,valid,3B-0567,0.963,1,DL-DDDD,4,model-confident,
data/crnn_crops/train/f5d9ba16-3b4e-4842-9186-354731efb5e4_jpg.rf.4c286ca48050774c4347ed186dae2c7c.jpg,train,3A-7662,0.9631,1,DL-DDDD,4,model-confident,
data/crnn_crops/train/f5a5d355-e624-40fe-96ef-4a822f7a4baa_jpg.rf.ffc7b62ccb279075064caf220da289e5.jpg,train,3A-2699,0.9632,1,DL-DDDD,4,model-confident,
data/crnn_crops/valid/1000565833_jpg.rf.839cf8172bd3b10e91504902394821b6.jpg,valid,2W-4657,0.9632,1,DL-DDDD,4,model-confident,
data/crnn_crops/valid/images-10-_jpg.rf.c4215baa2084d74fb394774f7f9d8c3b.jpg,valid,2A-3821,0.9632,1,DL-DDDD,4,model-confident,
data/crnn_crops/valid/images_jpg.rf.ad1813a5a77341bb7d2e25ad2ecd9e1e.jpg,valid,1P-8299,0.9633,1,DL-DDDD,4,model-confident,
data/crnn_crops/train/IMG_3753_jpg.rf.47a36354758ea6b450ade2a6b41a8db6.jpg,train,2B-8059,0.9634,1,DL-DDDD,4,model-confident,
data/crnn_crops/train/af6fd2dd-0e86-4b83-88fc-2c4248c3c7aa_jpg.rf.9b25473d532a70e8ebb2ffb42d8d4554.jpg,train,2-7602,0.9635,1,D-DDDD,4,model-confident,
data/crnn_crops/train/IMG_6909_jpg.rf.cc62f1192c87a1692090e8e1e872993a.jpg,train,1J-8400,0.9635,1,DL-DDDD,4,model-confident,
data/crnn_crops/train/maxresdefault_jpg.rf.cc0262adc8eeae0d6f111a56c00de683.jpg,train,3B-0567,0.9635,1,DL-DDDD,4,model-confident,
data/crnn_crops/train/vndiroxeilfkjdkc_jpg.rf.235b0febb8940ac43aeeec00674e899d.jpg,train,2A-1111,0.9635,1,DL-DDDD,4,model-confident,
data/crnn_crops/valid/IMG_4407_jpg.rf.1d36446250f4a5e1306f642d64d907e0.jpg,valid,2A-1111,0.9635,1,DL-DDDD,4,model-confident,
data/crnn_crops/train/images-1-_jpg.rf.422b0a69202cf30f90e176a67064ed37.jpg,train,3A-2065,0.9638,1,DL-DDDD,4,model-confident,
data/crnn_crops/valid/iwejofvnjsfhwjslsf_jpg.rf.a0d2fec1c893b53bdfcb9c44a8720171.jpg,valid,2A-1620,0.9638,1,DL-DDDD,4,model-confident,
data/crnn_crops/valid/IMG_6020_jpg.rf.bbfa768469cc1775851c8afa5b91e97b.jpg,valid,2C-8518,0.9639,1,DL-DDDD,4,model-confident,
data/crnn_crops/train/IMG_4536_jpg.rf.bc7d95f2a231e21cb1891d1a15f29f4c.jpg,train,2C-7879,0.964,1,DL-DDDD,4,model-confident,
data/crnn_crops/train/IMG_1078_jpg.rf.0cab3b67ddb2a29cf906891740f52353.jpg,train,2A-0720,0.9641,1,DL-DDDD,4,model-confident,
data/crnn_crops/train/IMG_8312_jpg.rf.7379b74cc95ff419cc4c8b4a63098470.jpg,train,2A-1715,0.9641,1,DL-DDDD,4,model-confident,
data/crnn_crops/valid/-8723001679063kgjg05275767352-d_jpg.rf.d36da763dca4bbcd62f396fcc251bd09.jpg,valid,3A-0779,0.9641,1,DL-DDDD,4,model-confident,
data/crnn_crops/valid/p-16260636_419594_1583121666_7_jpg.rf.9038bcfb5fd8e5465e703bdee06ed3f6.jpg,valid,2A-0054,0.9641,1,DL-DDDD,4,model-confident,
data/crnn_crops/train/IMG_d9773_JPG.rf.0eeb36c4ba1a7dc3970794507e276aef.jpg,train,1H-9653,0.9642,1,DL-DDDD,4,model-confident,
data/crnn_crops/train/IMG_1109_jpg.rf.20c744111b92e9a1da3e309fab155421.jpg,train,2B-6450,0.9643,1,DL-DDDD,4,model-confident,
data/crnn_crops/train/IMG_6516_jpg.rf.d926be08c87040de7f88e356ae63931c.jpg,train,2D-3388,0.9643,1,DL-DDDD,4,model-confident,
data/crnn_crops/train/ec1da5b7-c54c-4c77-ae33-72bd396f09e5_jpg.rf.cd2b0cfd2d5074f16c031a7f6ef566c6.jpg,train,3-0104,0.9644,1,D-DDDD,4,model-confident,
data/crnn_crops/train/IMG_9625_jpg.rf.c0cf6375bdc454c90465dd88458986c1.jpg,train,2A-6600,0.9644,1,DL-DDDD,4,model-confident,
data/crnn_crops/valid/519297-16532138dkjsjf93-50342715-h_jpg.rf.84b5b93b727566f16b0196e7b5ba54cf.jpg,valid,2A-6855,0.9644,1,DL-DDDD,4,model-confident,
data/crnn_crops/valid/IMG_5043_jpg.rf.9405978800f6a61a0dcece0bd9802b23.jpg,valid,2B-4168,0.9644,1,DL-DDDD,4,model-confident,
data/crnn_crops/train/e0ef07a1-0ab4-41c7-85f4-cc798e6e17fb_jpg.rf.3041f28453379bdb26da65bfbaf74273.jpg,train,3-0104,0.9645,1,D-DDDD,4,model-confident,
data/crnn_crops/train/Kampong-Chhnang-number-plate_12_jpeg.rf.1f9c318c89a081986c0b3dfcf7fbe107.jpg,train,2AN-6108,0.9645,1,DLL-DDDD,4,model-confident,
data/crnn_crops/train/IMG_8879_jpg.rf.0d4f6c177c354d609cbee7d8acdf2179.jpg,train,3A-1517,0.9646,1,DL-DDDD,4,model-confident,
data/crnn_crops/valid/IMG_4987_jpg.rf.d626bff9e1b02f1c8c0a14abbaecb3e3.jpg,valid,1G-5374,0.9646,1,DL-DDDD,4,model-confident,
data/crnn_crops/train/postnews-com-kh-2022-05-27_04-00-10_jpg.rf.2acf3e3ca9992395397b695d516f0aed.jpg,train,1M-0088,0.9647,1,DL-DDDD,4,model-confident,
data/crnn_crops/train/IMG_9872_jpg.rf.13ec05c344067daded533e00c9b3616e.jpg,train,2A-0145,0.9648,1,DL-DDDD,4,model-confident,
data/crnn_crops/valid/127722635-kampong-chhnang-kingdom-of-cambodia-august-21-2018-an-old-number-plate_jpg.rf.822358f503fd4deaafc0074adbb64c01.jpg,valid,2A-0720,0.9648,1,DL-DDDD,4,model-confident,
data/crnn_crops/valid/8ba4b97c-b20f-4c6b-a2ee-7b6311c5a8ff_jpg.rf.f7ad22b384538b8bbaffa82c318c27ee.jpg,valid,2-1101,0.9648,1,D-DDDD,4,model-confident,
data/crnn_crops/valid/IMG_4578_jpg.rf.3a8b13357091cc65ffcb6eb97c807737.jpg,valid,1H-5433,0.9648,1,DL-DDDD,4,model-confident,
data/crnn_crops/valid/IMG_5070_jpg.rf.ebf96dd09ce5d58e28872e860a438d37.jpg,valid,2A-4625,0.9649,1,DL-DDDD,4,model-confident,
data/crnn_crops/train/ef8256f2-4f35-44e5-b3ae-3dae0048f38c_jpg.rf.e8dbbb2c2c34dc90c842797797a56c99.jpg,train,3-0104,0.965,1,D-DDDD,4,model-confident,
data/crnn_crops/train/Screenshot-2023-05-10-142634_png.rf.a12e2d8cff66ae027198e6a7d9b6339e.jpg,train,2A-0082,0.965,1,DL-DDDD,4,model-confident,
data/crnn_crops/train/dream-2018-1300-574352168302625868430896-e_jpg.rf.6def3c38d67a30c537e4c3b3196f2f15.jpg,train,1H-5994,0.9651,1,DL-DDDD,4,model-confident,
data/crnn_crops/train/IMG_8760_jpg.rf.7874df28e895c8d973dc546b46f19755.jpg,train,1A-9098,0.9651,1,DL-DDDD,4,model-confident,
data/crnn_crops/valid/photo_2023-05-31_16-46-00_jpg.rf.1bfdeb934b747b496666150cd7aa36bf.jpg,valid,1E-3317,0.9651,1,DL-DDDD,4,model-confident,
data/crnn_crops/train/IMG_5336_jpg.rf.c0c4f2e8be53b96e1d8ce66f5f4dd9a3.jpg,train,3A-2139,0.9652,1,DL-DDDD,4,model-confident,
data/crnn_crops/train/IMG_8489_JPG.rf.03bee2dbd45614147f6edd5d5c8a4af0.jpg,train,1L-4142,0.9652,1,DL-DDDD,4,model-confident,
data/crnn_crops/valid/10001efccf_jpg.rf.c0fe7c54f58100f2c58c74b508e7039b.jpg,valid,3-9463,0.9652,1,D-DDDD,4,model-confident,
data/crnn_crops/train/kgajtijalf_jpg.rf.95843bc155c5885b47726899e8860c8c.jpg,train,1G-8899,0.9655,1,DL-DDDD,4,model-confident,
data/crnn_crops/train/dftyujhknbvfdr_jpg.rf.5ec0acf42537a772c27b06708efe5760.jpg,train,1Q-3623,0.9657,1,DL-DDDD,4,model-confident,
data/crnn_crops/train/images-1-_jpg.rf.a20f539d6a234f8fea85db2820b4b2a6.jpg,train,3A-1442,0.9657,1,DL-DDDD,4,model-confident,
data/crnn_crops/train/IMG_4855_jpg.rf.cfde4e093d66a69b49a720df81937cb9.jpg,train,1G-8899,0.9657,1,DL-DDDD,4,model-confident,
data/crnn_crops/train/IMG_2688_jpg.rf.fac7a2cdeaf1629ad600dcd3c7406c57.jpg,train,3A-2065,0.9659,1,DL-DDDD,4,model-confident,
data/crnn_crops/valid/005fca5f-612b-4558-af83-11a7a0a71d3c_jpg.rf.12ff12ca75424db81051d4d45c7f1454.jpg,valid,3E-3009,0.9659,1,DL-DDDD,4,model-confident,
data/crnn_crops/valid/IMG_9178_jpg.rf.298f60712d6636bf5e27519addf89e2c.jpg,valid,1E-3317,0.9659,1,DL-DDDD,4,model-confident,
data/crnn_crops/train/fd92a749-4d1a-4fb9-b7f3-2a44aacec468_jpg.rf.edda710dcdfcb4a891171e69c4ee75c2.jpg,train,4A-1044,0.966,1,DL-DDDD,4,model-confident,
data/crnn_crops/train/IMG_9364_jpg.rf.fb7fe2b90bbff9b372d1d9af63853cfe.jpg,train,1Q-3623,0.966,1,DL-DDDD,4,model-confident,
data/crnn_crops/valid/dream-2018-1300-574352168302625868430896-e_jpg.rf.1d742b3f1ad22763ebf0c2e66ef4c7b1.jpg,valid,1H-5994,0.966,1,DL-DDDD,4,model-confident,
data/crnn_crops/valid/IMG_4198_jpg.rf.68349f7fb8a299dd9f3d2226d611d2ac.jpg,valid,2A-0720,0.966,1,DL-DDDD,4,model-confident,
data/crnn_crops/train/IMG_4502_jpg.rf.ca4fe398ca6cb665396643b985aeba9b.jpg,train,2A-9332,0.9661,1,DL-DDDD,4,model-confident,
data/crnn_crops/train/IMG_8472_jpg.rf.a3c40db1c9557d80238bb245b2507bd9.jpg,train,1G-0006,0.9662,1,DL-DDDD,4,model-confident,
data/crnn_crops/train/IMG_3728_jpg.rf.c1eaffc6e22519d9c0138c3e1c25fc9f.jpg,train,2A-6668,0.9663,1,DL-DDDD,4,model-confident,
data/crnn_crops/train/IMG_6308_jpg.rf.53a0109ec24e33576e78843ec702864f.jpg,train,2A-0756,0.9664,1,DL-DDDD,4,model-confident,
data/crnn_crops/train/kkkdkdkskskdkdk_jpg.rf.401430e143f93b2fab0b9ed71fbfebcd.jpg,train,2A-1111,0.9664,1,DL-DDDD,4,model-confident,
data/crnn_crops/train/b6d36184-d229-4892-b7be-f2ae0601ec38_jpg.rf.d4aa08e6669b70e54dbf12bc153a0619.jpg,train,3-0191,0.9665,1,D-DDDD,4,model-confident,
data/crnn_crops/train/dfgmvero_jpg.rf.7b3fd6d101c0af95bceed32a65724d4b.jpg,train,1G-5721,0.9665,1,DL-DDDD,4,model-confident,
data/crnn_crops/train/IMG_4466_jpg.rf.cc704fdd1fbf8e110ac3bb388e943042.jpg,train,1G-5721,0.9665,1,DL-DDDD,4,model-confident,
data/crnn_crops/train/kfjithadkeksl_jpg.rf.a2b26f6f041ab9eb2e4d73da0f355b4f.jpg,train,1T-4787,0.9665,1,DL-DDDD,4,model-confident,
data/crnn_crops/train/IMG_5314_jpg.rf.d74f0553ababb6dc5f05026e2cf5e0b6.jpg,train,2C-3065,0.9667,1,DL-DDDD,4,model-confident,
data/crnn_crops/train/hilux-revo-016-smart-key-full-355232167557862467763259-b_jpg.rf.527808069146dff1061febccc2602b36.jpg,train,2B-8999,0.9668,1,DL-DDDD,4,model-confident,
data/crnn_crops/train/IMG_5330_jpg.rf.3b5c3f4c5806d330df3555696131e7c3.jpg,train,1H-0710,0.9668,1,DL-DDDD,4,model-confident,
data/crnn_crops/train/IMG_9281_jpg.rf.bbe6d013853e9dbc9b81c58de910eba9.jpg,train,1B-1993,0.9668,1,DL-DDDD,4,model-confident,
data/crnn_crops/train/IMG_d2189_JPG.rf.1526ef10edba847ddc1684f3348bc419.jpg,train,1C-7867,0.9668,1,DL-DDDD,4,model-confident,
data/crnn_crops/train/IMG_4854_jpg.rf.16e9ec8312ad2b79316f1cb1809522aa.jpg,train,3B-2655,0.9669,1,DL-DDDD,4,model-confident,
data/crnn_crops/train/IMG_6600_jpg.rf.7be8f554b2a723744fef1b7fbc6bb6d3.jpg,train,2C-3065,0.9669,1,DL-DDDD,4,model-confident,
data/crnn_crops/train/scion-2004-320845167945972470664051-b-1-_jpg.rf.e234f7b1b312ab113a98e16740dbf790.jpg,train,2A-0756,0.9669,1,DL-DDDD,4,model-confident,
data/crnn_crops/train/IMG_1208_jpg.rf.0c8899023938f4545fb647f22d9b3833.jpg,train,2B-0031,0.967,1,DL-DDDD,4,model-confident,
data/crnn_crops/valid/100029394d_jpg.rf.27fac0011d9c64a7a93f99d96c01449c.jpg,valid,2E-9086,0.9671,1,DL-DDDD,4,model-confident,
data/crnn_crops/train/Screenshot-2023-05-10-135649_png.rf.2f8c6ee915ed162a68e339a5164ac56f.jpg,train,2A-0352,0.9672,1,DL-DDDD,4,model-confident,
data/crnn_crops/valid/6440d9e7-bb0d-45d4-928c-152ecda9e770_jpg.rf.083b88d4617aaa0e78818d619359a7aa.jpg,valid,3-0212,0.9673,1,D-DDDD,4,model-confident,
data/crnn_crops/train/IMG_8899_jpg.rf.e4d257abc8685312d60644d6b6d31d4d.jpg,train,3A-1264,0.9674,1,DL-DDDD,4,model-confident,
data/crnn_crops/valid/IMG_8733_jpg.rf.97b056087e39ba9e21e257f0388dbf8d.jpg,valid,1T-4787,0.9674,1,DL-DDDD,4,model-confident,
data/crnn_crops/valid/s-honda-cr-v-97-5000-882506168208765888632771-b_jpg.rf.6f167e5a8337c4655409408975d96120.jpg,valid,2A-0503,0.9674,1,DL-DDDD,4,model-confident,
data/crnn_crops/train/IMG_4448_jpg.rf.9ca2d1783bee3735768578e27bf1737e.jpg,train,1C-9792,0.9676,1,DL-DDDD,4,model-confident,
data/crnn_crops/valid/580b7444-2c0d-4782-a735-2bec812a2e25_jpg.rf.20c6786d8d829b3c25a4a5db2bf7d9b8.jpg,valid,3-0104,0.9676,1,D-DDDD,4,model-confident,
data/crnn_crops/valid/IMG_4382_jpg.rf.cf6a3b6a4313cd73d658695db502710a.jpg,valid,1-0162,0.9676,1,D-DDDD,4,model-confident,
data/crnn_crops/train/postnews-com-kh-2021-05-21_13-24-58_jpg.rf.3031e09ed5aad6a71af8e22054e2d2f0.jpg,train,1P-6454,0.9677,1,DL-DDDD,4,model-confident,
data/crnn_crops/valid/db832df8-3efe-4761-87cb-e0cd72f47c2b_jpg.rf.4660374ccc01f1193f2cdee11165e023.jpg,valid,1B-1375,0.9677,1,DL-DDDD,4,model-confident,
data/crnn_crops/valid/IMG_8776_jpg.rf.65c5474b92884e15a7deaaab1f096c4d.jpg,valid,2A-1111,0.9677,1,DL-DDDD,4,model-confident,
data/crnn_crops/train/IMG_7545_jpg.rf.a6ffdd731bd48582d7f0e0c9c0ad76e4.jpg,train,2E-9090,0.9678,1,DL-DDDD,4,model-confident,
data/crnn_crops/train/IMG_6865_jpg.rf.0277145fddde6f8b563785db61e59f01.jpg,train,2BF-6873,0.9679,1,DLL-DDDD,4,model-confident,
data/crnn_crops/train/IMG_8527_JPG.rf.a09a9cb13ece00459259b4b55fe1b51a.jpg,train,1D-1234,0.9679,1,DL-DDDD,4,model-confident,
data/crnn_crops/train/photo_2019-09-24_08-29dkgj-18_jpg.rf.26830ba7aeec4a970d0dbc10b94cbf9b.jpg,train,2-3203,0.9679,1,D-DDDD,4,model-confident,
data/crnn_crops/valid/IMG_3336_jpg.rf.007c1a3cdf3e512b448f1fba7b35a9ae.jpg,valid,3A-5757,0.9679,1,DL-DDDD,4,model-confident,
data/crnn_crops/train/IMG_1170_jpg.rf.fd74ff4f7f7c74c221b66468fa62736e.jpg,train,3A-0779,0.968,1,DL-DDDD,4,model-confident,
data/crnn_crops/train/IMG_5501_jpg.rf.ee0c57b88a4da2702a7266b227ef95a9.jpg,train,2C-9265,0.9681,1,DL-DDDD,4,model-confident,
data/crnn_crops/valid/f143effe-8205-48ae-b95e-a09ff048cfda_jpg.rf.93e1de17dd2995b8ac62b730b1c4e607.jpg,valid,3A-7662,0.9681,1,DL-DDDD,4,model-confident,
data/crnn_crops/train/IMG_103_jpg.rf.3bb9906ddebe608890407fb39bd05f55.jpg,train,1P-8299,0.9682,1,DL-DDDD,4,model-confident,
data/crnn_crops/train/IMG_7745_jpg.rf.58ee1307c00897db0910251b208d1ad4.jpg,train,1M-4714,0.9683,1,DL-DDDD,4,model-confident,
data/crnn_crops/valid/0b222b8c-70b4-43dd-9cef-73d70f1dba5b_jpg.rf.12e7275f8e95aad6a1ad64f03cba6909.jpg,valid,3D-4818,0.9683,1,DL-DDDD,4,model-confident,
data/crnn_crops/valid/Screenshot-2023-05-11-101018_png.rf.29c22218e7dbfbbe7d1a1d75eb7b8644.jpg,valid,2A-0181,0.9683,1,DL-DDDD,4,model-confident,
data/crnn_crops/train/d2fa4868-9a80-4fcd-ae29-ce599c7c3fbf_jpg.rf.07c8b07ed76cfd6250abbe97b39110bd.jpg,train,3A-2813,0.9684,1,DL-DDDD,4,model-confident,
data/crnn_crops/train/Screenshot-2023-05-10-134328_png.rf.a01796d051fe4b1bfc70270b461fa8c8.jpg,train,2A-0172,0.9684,1,DL-DDDD,4,model-confident,
data/crnn_crops/valid/45e84248-5775-42eb-b8a4-2f4608507a41_jpg.rf.dbb41e9b81e99f203935e08d5eac9659.jpg,valid,3-0211,0.9685,1,D-DDDD,4,model-confident,
data/crnn_crops/valid/Kampong-Speu-number-plate_19_jpeg.rf.b021a41eb2d266831188dd7292d83770.jpg,valid,2AA-2722,0.9685,1,DLL-DDDD,4,model-confident,
data/crnn_crops/valid/fn-2019-01-24-10-37-19-16_jpg.rf.e7159e4a9ad2f836c54d3871f776a760.jpg,valid,2-0002,0.9686,1,D-DDDD,4,model-confident,
data/crnn_crops/valid/IMG_5965_jpg.rf.6f9bdbd280f4a279b5e6b9663e46fb55.jpg,valid,2B-3255,0.9686,1,DL-DDDD,4,model-confident,
data/crnn_crops/valid/rewhujymhhet_jpg.rf.2a4b7b9dbca18e8c6797c7af146c250f.jpg,valid,1Q-1330,0.9686,1,DL-DDDD,4,model-confident,
data/crnn_crops/train/df1e31b5-eda7-4f2f-b21f-3a1ce3168566_jpg.rf.b6c345d200e9925aef5b92acd002e73e.jpg,train,3-0209,0.9688,1,D-DDDD,4,model-confident,
data/crnn_crops/train/IMG_9103_JPG.rf.94aa0f16f9a350fefa12fa2d6a882616.jpg,train,2C-4766,0.9688,1,DL-DDDD,4,model-confident,
data/crnn_crops/train/IMG_9237_jpg.rf.882eb6154265ec427dfa123cf0bc9cd2.jpg,train,2A-8190,0.9689,1,DL-DDDD,4,model-confident,
data/crnn_crops/valid/4c2f60af-4ee0-433e-89ed-4b4ddfe0af0a_jpg.rf.00fb33a1413ca44f00177d1b26de617c.jpg,valid,3A-1389,0.969,1,DL-DDDD,4,model-confident,
data/crnn_crops/valid/c35f2c6d-4df9-4e94-b8fc-a2b7ea2f3002_jpg.rf.cc67d32c7da279948457fbaa0251d954.jpg,valid,3A-2626,0.969,1,DL-DDDD,4,model-confident,
data/crnn_crops/train/Preah-Sihanouk-number-plate_17_jpeg.rf.e642cc826f18f99b02f7e903d0d7dc7a.jpg,train,2B-0380,0.9691,1,DL-DDDD,4,model-confident,
data/crnn_crops/valid/9006d3ba-1ab0-4d06-8fd0-2e04c2c22be3_jpg.rf.47b01d3fd74f8fc5134b097f9fc9fccb.jpg,valid,4A-0061,0.9691,1,DL-DDDD,4,model-confident,
data/crnn_crops/train/IMG_4625_jpg.rf.eb5204929c06c413f0a0c31a05ee59f2.jpg,train,1B-1375,0.9692,1,DL-DDDD,4,model-confident,
data/crnn_crops/train/kkkpppccchchc_jpg.rf.f2e1f74eb8327009af6062d6a261f8dd.jpg,train,2C-0206,0.9692,1,DL-DDDD,4,model-confident,
data/crnn_crops/train/IMG_1121_jpg.rf.5d4eaab73abc21cb35f56dd7ae559308.jpg,train,2A-4143,0.9693,1,DL-DDDD,4,model-confident,
data/crnn_crops/train/Screenshot-2023-05-10-141918_png.rf.d7fa6bdfe0087d29331e75a6e3b16b85.jpg,train,2A-1676,0.9693,1,DL-DDDD,4,model-confident,
data/crnn_crops/train/a0f81668-d426-4613-9607-7929eaa950db_jpg.rf.dda86858a72e67e34e25aacddcf81375.jpg,train,3-0104,0.9694,1,D-DDDD,4,model-confident,
data/crnn_crops/train/IMG_2959_jpg.rf.1e891f367b088a6724017333704d5fd1.jpg,train,1D-7773,0.9694,1,DL-DDDD,4,model-confident,
data/crnn_crops/train/IMG_6890_jpg.rf.89686965044c44632e0f85cbd3a0d539.jpg,train,2B-7778,0.9694,1,DL-DDDD,4,model-confident,
data/crnn_crops/train/IMG_8941_jpg.rf.0d284406bff310d65f11a54a24e61e53.jpg,train,2BA-9090,0.9694,1,DLL-DDDD,4,model-confident,
data/crnn_crops/train/PH-02-20_jpg.rf.718b3f93ad8e57d1959b7b8bb78a2476.jpg,train,3A-3037,0.9694,1,DL-DDDD,4,model-confident,
data/crnn_crops/train/IMG_6210_jpg.rf.7723bb59ed7c935ac4a06570bd55a7a0.jpg,train,1J-8400,0.9695,1,DL-DDDD,4,model-confident,
data/crnn_crops/train/IMG_9381_jpg.rf.63ab055b1709a64c7afa60419a1e49df.jpg,train,1AD-7379,0.9695,1,DLL-DDDD,4,model-confident,
data/crnn_crops/valid/-8723001679063052447dkf21876-e_jpg.rf.98b0e939c183ccf5c58da90825a086e0.jpg,valid,3A-0779,0.9695,1,DL-DDDD,4,model-confident,
data/crnn_crops/valid/IMG_6711_jpg.rf.13c0dba1d119864903a4f8adf84ec031.jpg,valid,3A-2899,0.9695,1,DL-DDDD,4,model-confident,
data/crnn_crops/train/images-8-_jpg.rf.e296f74c580e6501e4a9e7e1d4c862a9.jpg,train,1J-8400,0.9696,1,DL-DDDD,4,model-confident,
data/crnn_crops/train/images-9-_jpg.rf.b90af5c5e47c2496adfcdff663a33792.jpg,train,1M-7776,0.9696,1,DL-DDDD,4,model-confident,
data/crnn_crops/valid/IMG_5746_jpg.rf.bf2d0751c80b370cba2171a61db8ab15.jpg,valid,1M-7776,0.9697,1,DL-DDDD,4,model-confident,
data/crnn_crops/train/IMG_4863_jpg.rf.da511574b85549fa99c0b69c1d99a3aa.jpg,train,2B-4445,0.97,1,DL-DDDD,4,model-confident,
data/crnn_crops/train/maxresdefault_jpg.rf.718634dce3ea16526f3a54621144a6ba.jpg,train,2B-4445,0.97,1,DL-DDDD,4,model-confident,
data/crnn_crops/valid/Screenshot-2023-05-10-141938_png.rf.d2a92c4011006977f2c537476102a934.jpg,valid,2-1720,0.97,1,D-DDDD,4,model-confident,
data/crnn_crops/valid/061db895-6429-4a0b-9500-e96018e9e41b_jpg.rf.b59c17b8e21cb51e8d8b89b99d7beeea.jpg,valid,3D-4520,0.9702,1,DL-DDDD,4,model-confident,
data/crnn_crops/valid/IMG_5559_jpg.rf.7e1e4508c217b9a4be3e259c6592d509.jpg,valid,2A-6804,0.9702,1,DL-DDDD,4,model-confident,
data/crnn_crops/train/images-1-_jpg.rf.975bfa058dc9b6198bd4dc933f6ca03c.jpg,train,1G-8899,0.9704,1,DL-DDDD,4,model-confident,
data/crnn_crops/valid/0e809263-e906-4003-bafa-edeac80b8c68_jpg.rf.c9ec71aa2b72bc974f39ff7cf84b6401.jpg,valid,3C-6315,0.9704,1,DL-DDDD,4,model-confident,
data/crnn_crops/valid/sdfgyotreiwksdf_jpg.rf.1c97d6031375db0b36ccfa125f2198e2.jpg,valid,1Q-4508,0.9704,1,DL-DDDD,4,model-confident,
data/crnn_crops/train/iesljcoewncsl_jpg.rf.f7e7e38d8082fa7d4d43202cf6b5ff8e.jpg,train,1C-2777,0.9705,1,DL-DDDD,4,model-confident,
data/crnn_crops/train/IMG_7776_jpg.rf.209dde4eee91c860160c00462301aa1a.jpg,train,2A-7814,0.9705,1,DL-DDDD,4,model-confident,
data/crnn_crops/train/IMG_9351_jpg.rf.89c9083e733df08cb93fedc6709fcb4e.jpg,train,1C-2777,0.9705,1,DL-DDDD,4,model-confident,
data/crnn_crops/train/IMG_9804_jpg.rf.c76e7e5280e0ea6d4a429936879e3d38.jpg,train,1H-2382,0.9706,1,DL-DDDD,4,model-confident,
data/crnn_crops/valid/100078c1aa_jpg.rf.b93174ecf18d81d6d948200b66c2f0a0.jpg,valid,2-4857,0.9706,1,D-DDDD,4,model-confident,
data/crnn_crops/valid/5fc6f7829bf8f_jpeg.rf.a8fb8ca8687058e7ef1093986634f187.jpg,valid,3A-7245,0.9706,1,DL-DDDD,4,model-confident,
data/crnn_crops/valid/IMG_4414_jpg.rf.5f16519fafaa43450aaba60269dcdcb6.jpg,valid,3A-7245,0.9706,1,DL-DDDD,4,model-confident,
data/crnn_crops/train/f6a78dd5-370f-4df5-9ccd-99edf3e064cd_jpg.rf.63bbcc74d452a65503df8ef0a5674e41.jpg,train,3A-0396,0.9707,1,DL-DDDD,4,model-confident,
data/crnn_crops/train/IMG_4439_jpg.rf.1010ca87a8031f8ff84ea3c2b0a6a20b.jpg,train,2A-4590,0.9707,1,DL-DDDD,4,model-confident,
data/crnn_crops/valid/IMG_6665_jpg.rf.4289c03bee309a3029f6f0bcaf9f6c58.jpg,valid,1G-8259,0.9707,1,DL-DDDD,4,model-confident,
data/crnn_crops/train/IMG_3588_jpg.rf.44358192bf0538f2427135dcb58d3dfb.jpg,train,2B-1918,0.9711,1,DL-DDDD,4,model-confident,
data/crnn_crops/valid/10004cf555_jpg.rf.310c2c6e7492bb015c21ec8d4c48ec7a.jpg,valid,1-9087,0.9711,1,D-DDDD,4,model-confident,
data/crnn_crops/valid/Screenshot-2023-05-10-135458_png.rf.14fee4a57642ee1404038c9455e397a2.jpg,valid,2A-0154,0.9711,1,DL-DDDD,4,model-confident,
data/crnn_crops/valid/22855046_jpg.rf.a3fb7ef9bdaa85726d7e71e6eb6e3a8e.jpg,valid,2-7979,0.9712,1,D-DDDD,4,model-confident,
data/crnn_crops/valid/Screenshot-2023-05-10-141844_png.rf.71f43f053cf6b58040314c4a9349bac2.jpg,valid,2A-1612,0.9712,1,DL-DDDD,4,model-confident,
data/crnn_crops/train/IMG_5590_jpg.rf.069e1bc7109044dabb07123b34d2a752.jpg,train,2BN-0455,0.9713,1,DLL-DDDD,4,model-confident,
data/crnn_crops/valid/IMG_7107_jpg.rf.5a8a206dbce7eb100e1286d5dfaaab9a.jpg,valid,1C-9365,0.9713,1,DL-DDDD,4,model-confident,
data/crnn_crops/valid/-404314168044008176164704-b_jpg.rf.0f5757aa0adfb3235d62e75551bcdc9d.jpg,valid,1H-2382,0.9714,1,DL-DDDD,4,model-confident,
data/crnn_crops/valid/0c221148-cd5e-4643-827c-daff14a05d38_jpg.rf.a5d81670333ef11bdf38471590be4b8e.jpg,valid,3D-6153,0.9714,1,DL-DDDD,4,model-confident,
data/crnn_crops/valid/IMG_8852_jpg.rf.4174a9e1deb753a1d8e34cef1b2a8b25.jpg,valid,2D-7188,0.9714,1,DL-DDDD,4,model-confident,
data/crnn_crops/valid/IMG_9764_jpg.rf.56d2d5522e23e8a8931153293126b93d.jpg,valid,1G-8899,0.9714,1,DL-DDDD,4,model-confident,
data/crnn_crops/valid/0af95327-f279-4929-add8-d6916ab240bc_jpg.rf.a0a71d968564521d6ce756c5d608ddbc.jpg,valid,4A-6233,0.9715,1,DL-DDDD,4,model-confident,
data/crnn_crops/train/IMG_7518_jpg.rf.7b5662275af3e363794ca4eb2d0e96f4.jpg,train,1-5853,0.9716,1,D-DDDD,4,model-confident,
data/crnn_crops/train/IMG_2750_jpg.rf.17ce3c0772b8808226fa9724cf581e58.jpg,train,2A-7831,0.9717,1,DL-DDDD,4,model-confident,
data/crnn_crops/train/IMG_8253_jpg.rf.59b0ba30325a07bbc51a28cfba38f819.jpg,train,1H-2382,0.9717,1,DL-DDDD,4,model-confident,
data/crnn_crops/valid/IMG_4993_jpg.rf.9ac83d128c21a4b247616cfb93e17f58.jpg,valid,2C-3581,0.9717,1,DL-DDDD,4,model-confident,
data/crnn_crops/train/IMG_105_jpg.rf.02743809117dd4a0b695d9394e953975.jpg,train,3A-2852,0.9718,1,DL-DDDD,4,model-confident,
data/crnn_crops/train/IMG_4811_jpg.rf.2d32319476aef5007cee9ead7a148be9.jpg,train,1C-9365,0.9718,1,DL-DDDD,4,model-confident,
data/crnn_crops/valid/IMG_4346_jpg.rf.24b1e6226be4febdb14a16a6d829698b.jpg,valid,1Q-4872,0.9719,1,DL-DDDD,4,model-confident,
data/crnn_crops/train/fasrj8ijssskrjf_jpg.rf.02cddab219834f25ba2fb51caeaa2bbf.jpg,train,1D-7773,0.972,1,DL-DDDD,4,model-confident,
data/crnn_crops/valid/369cf884-565b-4c85-ae46-f717b87b8cdf_jpg.rf.d453aad0cbff1fa1c23c1aa9450cfad5.jpg,valid,3A-2813,0.972,1,DL-DDDD,4,model-confident,
data/crnn_crops/train/IMG_8025_jpg.rf.7a852582fc56f826ab205e5ba4593e26.jpg,train,2BA-9090,0.9725,1,DLL-DDDD,4,model-confident,
data/crnn_crops/train/IMG_7757_jpg.rf.3251054047953505e2f336ebf9dd71f8.jpg,train,1L-8936,0.9726,1,DL-DDDD,4,model-confident,
data/crnn_crops/valid/IMG_1041_jpg.rf.710830a7f8c65975eb284d4f45b8b88a.jpg,valid,2B-2574,0.9726,1,DL-DDDD,4,model-confident,
data/crnn_crops/train/IMG_4433_jpg.rf.e0f0cc0a4cfc92d00c3204df7637da81.jpg,train,3A-0515,0.9727,1,DL-DDDD,4,model-confident,
data/crnn_crops/train/Screenshot-2023-05-10-142622_png.rf.d963afd54c9c60455475ec8a4c581fcc.jpg,train,2A-0073,0.9727,1,DL-DDDD,4,model-confident,
data/crnn_crops/valid/IMG_4276_jpg.rf.9a9a4b8870bb4faf68e76685c992fcee.jpg,valid,3A-1011,0.9727,1,DL-DDDD,4,model-confident,
data/crnn_crops/train/images-14-_jpg.rf.ef4fe43762c7cdd8b1b0386a8d10e685.jpg,train,2-1359,0.9728,1,D-DDDD,4,model-confident,
data/crnn_crops/train/IMG_8283_jpg.rf.ce51a744bb19189673780227a8374fdd.jpg,train,1Q-2811,0.9729,1,DL-DDDD,4,model-confident,
data/crnn_crops/train/Royal_Cambodian_Armed_Forces_license_plates_01_jpg.rf.f5fa8cfa3012d1e0e85956bbe162eaae.jpg,train,2-1934,0.9729,1,D-DDDD,4,model-confident,
data/crnn_crops/train/IMG_8794_jpg.rf.a1c88ee2a31373eb974404edb595bee4.jpg,train,1A-8663,0.973,1,DL-DDDD,4,model-confident,
data/crnn_crops/train/IMG_5784_jpg.rf.78bb30a07e773372c3305ff766bc3c05.jpg,train,2A-0109,0.9731,1,DL-DDDD,4,model-confident,
data/crnn_crops/valid/Screenshot-2023-05-10-142945_png.rf.31ffa291659a097dd3a751b274c402bf.jpg,valid,2A-0217,0.9731,1,DL-DDDD,4,model-confident,
data/crnn_crops/valid/skfjowjdslfjgn_jpg.rf.c5c4b8d8bc421396ad89cf6de7968265.jpg,valid,3A-1011,0.9731,1,DL-DDDD,4,model-confident,
data/crnn_crops/train/IMG_8528_jpg.rf.8e12da83f5ba46387b139f593da5cf7e.jpg,train,3A-1411,0.9732,1,DL-DDDD,4,model-confident,
data/crnn_crops/train/Kampong-Speu-number-plate_22_jpeg.rf.b3b3adc90f69651d7abdfe78a1e63206.jpg,train,3A-1411,0.9732,1,DL-DDDD,4,model-confident,
data/crnn_crops/train/s-256507167447850264074290-b-1-_jpg.rf.15a9e5be7859f8dadb57d09e3602c2b6.jpg,train,2A-8068,0.9733,1,DL-DDDD,4,model-confident,
data/crnn_crops/valid/IMG_9433_jpg.rf.014230d3f09f7bfb143535cf83b32b0b.jpg,valid,2A-8068,0.9733,1,DL-DDDD,4,model-confident,
data/crnn_crops/train/postnews-com-kh-2020-01-07_02-27-55_jpg.rf.15d543b800f59732d922ccae77fd1bdc.jpg,train,1Q-0226,0.9734,1,DL-DDDD,4,model-confident,
data/crnn_crops/train/IMG_6237_jpg.rf.6ed7788e1ac038c6ff3a207b03efde9c.jpg,train,1Q-0226,0.9735,1,DL-DDDD,4,model-confident,
data/crnn_crops/train/IMG_8525_JPG.rf.08e9dd005cd688d071bfe58121312181.jpg,train,1B-2235,0.9736,1,DL-DDDD,4,model-confident,
data/crnn_crops/train/ce4bbc46-b2c8-4d21-8890-b35034e7eb70_jpg.rf.4d39373e9aaec3839d3b135d572c0d6f.jpg,train,3A-3440,0.9739,1,DL-DDDD,4,model-confident,
data/crnn_crops/valid/-714888167884204374484664-g_jpg.rf.48c7111a7bd239da039b52a9c4bfe6b3.jpg,valid,1C-9365,0.9741,1,DL-DDDD,4,model-confident,
data/crnn_crops/train/IMG_9587_jpg.rf.f1386d047363e02b7fcc343b74c2590f.jpg,train,3A-2104,0.9742,1,DL-DDDD,4,model-confident,
data/crnn_crops/valid/IMG_1179_jpg.rf.4a4674a1467abe6ef8ec0fa3b79dde33.jpg,valid,1P-7937,0.9742,1,DL-DDDD,4,model-confident,
data/crnn_crops/valid/IMG_3937_jpg.rf.d706ed947d4426912f3946f7de96f97c.jpg,valid,1C-9365,0.9742,1,DL-DDDD,4,model-confident,
data/crnn_crops/valid/hilux-tiger-2003-331213168363499816437556-b_jpg.rf.fcd72e84acc18ce7ea927918d27bfeec.jpg,valid,2B-3787,0.9744,1,DL-DDDD,4,model-confident,
data/crnn_crops/valid/IMG_7992_jpg.rf.ed1cc9f5c07e01afeeeb42571bed7931.jpg,valid,2A-0189,0.9744,1,DL-DDDD,4,model-confident,
data/crnn_crops/train/IMG_6331_jpg.rf.fd526bd780e2c02c3aa4d87eae79fb43.jpg,train,2AB-8909,0.9746,1,DLL-DDDD,4,model-confident,
data/crnn_crops/valid/camary98-887859168318469084958955-e_jpg.rf.f1ffc87513679acbd646d96c3c559284.jpg,valid,2A-7195,0.9747,1,DL-DDDD,4,model-confident,
data/crnn_crops/train/IMG_3704_jpg.rf.5b734ff8ed9858b1536f44193f2a2af6.jpg,train,3A-2840,0.9748,1,DL-DDDD,4,model-confident,
data/crnn_crops/train/bff5f7a9-5abd-443e-a5f9-d6b2da4f2614_jpg.rf.49e368afd768a84fb468373300ca232e.jpg,train,3-0104,0.975,1,D-DDDD,4,model-confident,
data/crnn_crops/train/IMG_4882_jpg.rf.191d43bca5493f89c66e0434c1390eef.jpg,train,2A-7195,0.975,1,DL-DDDD,4,model-confident,
data/crnn_crops/train/IMG_9445_jpg.rf.bfd09babeb3567d831c2ed5757c6abb6.jpg,train,2BB-5573,0.9751,1,DLL-DDDD,4,model-confident,
data/crnn_crops/valid/IMG_6051_jpg.rf.1ad63f4400fc9567138b81b4cfe069bf.jpg,valid,1C-9140,0.9751,1,DL-DDDD,4,model-confident,
data/crnn_crops/train/fb4d24ad-b389-4c7c-a4ab-be1b8bbae972_jpg.rf.6331e9cf3667add1ebf03e641c245d6a.jpg,train,4A-0068,0.9752,1,DL-DDDD,4,model-confident,
data/crnn_crops/train/IMG_6788_jpg.rf.b01ad23733132b8ed52d90c63c0e51fd.jpg,train,2P-8468,0.9753,1,DL-DDDD,4,model-confident,
data/crnn_crops/train/aef2b1d1-390c-4b41-9fd7-2b38ede6b9e6_jpg.rf.a59fcb633338762ebbc1f300388e2612.jpg,train,3-0216,0.9755,1,D-DDDD,4,model-confident,
data/crnn_crops/train/dd40f3ff-b09f-4854-93c0-b517412b39f7_jpg.rf.267834d98f0452c35d9f4354a8e6a3b7.jpg,train,4A-0009,0.9755,1,DL-DDDD,4,model-confident,
data/crnn_crops/train/f0a677eb-7095-4afc-829c-ca3844a79ca0_jpg.rf.e56501954af2b414021220d2adf6f486.jpg,train,3-0104,0.9755,1,D-DDDD,4,model-confident,
data/crnn_crops/train/IMG_9341_jpg.rf.2e847b8dcfd39d2cba67ac8b29d6d034.jpg,train,2AB-8990,0.9755,1,DLL-DDDD,4,model-confident,
data/crnn_crops/train/photo_2019-09-24_08-29-18_jpg.rf.a43e21c81812005ff6c50bfdbce927ae.jpg,train,2-3203,0.9755,1,D-DDDD,4,model-confident,
data/crnn_crops/valid/IMG_6785_jpg.rf.6f5a95311a961898dc4606fa77125eec.jpg,valid,2A-1420,0.9757,1,DL-DDDD,4,model-confident,
data/crnn_crops/train/Screenshot-2023-05-10-163727_png.rf.5a0a391b98bde49ab9fe5cfb14d3bce5.jpg,train,2A-0084,0.9759,1,DL-DDDD,4,model-confident,
data/crnn_crops/valid/10008f7387_png.rf.ecfb1276c21721586b7c69354d261f45.jpg,valid,2AB-8909,0.9759,1,DLL-DDDD,4,model-confident,
data/crnn_crops/train/IMG_6461_jpg.rf.3c11d4ac2a0730decb01a1e612549cd7.jpg,train,2A-2557,0.976,1,DL-DDDD,4,model-confident,
data/crnn_crops/train/Screenshot-2023-05-10-143123_png.rf.0fc83cc95b65acef7425eb78e272f1b8.jpg,train,2A-0389,0.976,1,DL-DDDD,4,model-confident,
data/crnn_crops/train/IMG_5576_jpg.rf.24507418a6c5814e457d6ea9cd5547f6.jpg,train,3D-4520,0.9762,1,DL-DDDD,4,model-confident,
data/crnn_crops/valid/Screenshot-2023-05-11-100942_png.rf.bcec01e2c60c204e2cd50e39be4ca1ba.jpg,valid,2A-0127,0.9762,1,DL-DDDD,4,model-confident,
data/crnn_crops/valid/sssssrrrrrrpp_jpg.rf.ccb60f4c5c8fbbdbf112ddc17c96a4c7.jpg,valid,2C-3581,0.9762,1,DL-DDDD,4,model-confident,
data/crnn_crops/valid/Svay-Rieng-number-plate_29_jpeg.rf.866ec938daea60502dd01c8d175802d9.jpg,valid,2AP-9719,0.9762,1,DLL-DDDD,4,model-confident,
data/crnn_crops/train/images_jpg.rf.097140e5eb0af53b97e6096b03221a0f.jpg,train,2A-1420,0.9763,1,DL-DDDD,4,model-confident,
data/crnn_crops/train/Screenshot-2023-05-10-141928_png.rf.bdc50c9b1fa4e8e56258fce34cd016ee.jpg,train,2A-1702,0.9763,1,DL-DDDD,4,model-confident,
data/crnn_crops/train/IMG_8834_JPG.rf.4707f13df63c8d6162f9143dd8486212.jpg,train,1L-6325,0.9764,1,DL-DDDD,4,model-confident,
data/crnn_crops/train/e9cc3795_jpg.rf.22d9bc5afb7294f1da749ea67404d6c8.jpg,train,1-3742,0.9767,1,D-DDDD,4,model-confident,
data/crnn_crops/train/IMG_4574_jpg.rf.8f10b7290282bd340016b86d61575afd.jpg,train,2B-7740,0.9767,1,DL-DDDD,4,model-confident,
data/crnn_crops/valid/IMG_4396_jpg.rf.f4463caffb89f3156710f8888a2a2348.jpg,valid,2B-1875,0.977,1,DL-DDDD,4,model-confident,
data/crnn_crops/train/IMG_9491_jpg.rf.acd79c84524cc2792660b6c6c24727cb.jpg,train,2B-7474,0.9771,1,DL-DDDD,4,model-confident,
data/crnn_crops/train/hilux-tiger-2003-331213168363499kdsldks816437556-b_jpg.rf.abb6011ebf1f030491597bd6cec656dd.jpg,train,2B-3787,0.9774,1,DL-DDDD,4,model-confident,
data/crnn_crops/train/images-1-_jpg.rf.225f43abb1ed7f79624d809407ec2fef.jpg,train,1B-3504,0.9775,1,DL-DDDD,4,model-confident,
data/crnn_crops/train/IMG_2925_jpg.rf.19af0a374d4da92df143c4279f9e085b.jpg,train,2A-1639,0.9775,1,DL-DDDD,4,model-confident,
data/crnn_crops/valid/FB_IMG_1520123768375-509x382_jpg.rf.46b75d840f0d0dc276adfbbfc63319dd.jpg,valid,1Q-2514,0.9775,1,DL-DDDD,4,model-confident,
data/crnn_crops/train/IMG_2751_jpg.rf.17e0ded0aa6414769f9ce1eea1e68086.jpg,train,2A-1215,0.978,1,DL-DDDD,4,model-confident,
data/crnn_crops/train/4ae15438-6a35-4283-ba7c-3a438d3321bf_jpg.rf.abda85288f5c0d005507c393a9fef372.jpg,train,4A-0405,0.9781,1,DL-DDDD,4,model-confident,
data/crnn_crops/train/IMG_2607_jpg.rf.459dd276db40d9ca945a5f42451f383f.jpg,train,2C-5927,0.9782,1,DL-DDDD,4,model-confident,
data/crnn_crops/train/IMG_5714_jpg.rf.0d3ce3cacba3673805980cebbaf20767.jpg,train,1C-6797,0.9782,1,DL-DDDD,4,model-confident,
data/crnn_crops/train/poiuytmnbvcjhgf_jpg.rf.ca8e61a48c6befaca4d4d91b0af13e3b.jpg,train,2C-7806,0.9783,1,DL-DDDD,4,model-confident,
data/crnn_crops/valid/images-3-_jpg.rf.4f7c7fac56b8267309faed8912dcada4.jpg,valid,1E-4708,0.9784,1,DL-DDDD,4,model-confident,
data/crnn_crops/train/IMG_7418_jpg.rf.6cfb9f9f28d6090af8196865df91c901.jpg,train,1M-2366,0.9785,1,DL-DDDD,4,model-confident,
data/crnn_crops/valid/IMG_4485_jpg.rf.8a49f477fe2251b88d03cd91f2af78ca.jpg,valid,1E-4708,0.9785,1,DL-DDDD,4,model-confident,
data/crnn_crops/train/b844862c-ea1b-46a1-a797-24b8c0bb0997_jpg.rf.d853d7e4234fb4418e9865e6abddef00.jpg,train,3A-1389,0.9786,1,DL-DDDD,4,model-confident,
data/crnn_crops/train/IMG_7665_jpg.rf.eb15becaaec6796f857a4c67af02f2af.jpg,train,3A-1534,0.9786,1,DL-DDDD,4,model-confident,
data/crnn_crops/valid/1000e105ce_jpg.rf.5d5c1b9f497cade89998148a522f7d1b.jpg,valid,3-9087,0.9786,1,D-DDDD,4,model-confident,
data/crnn_crops/valid/photo_2020-11-20-10-52-59_jpeg.rf.5f7565c3ab9f05626f7095e6952bd2d8.jpg,valid,3A-1534,0.9786,1,DL-DDDD,4,model-confident,
data/crnn_crops/train/photo_2019-05-01_15-36-25-1_jpg.rf.c98e0b4b4c9357f885ac3269c8da1070.jpg,train,1M-2366,0.9787,1,DL-DDDD,4,model-confident,
data/crnn_crops/valid/150da9c1-d00c-49bd-b92c-362ccb8cfa4a_jpg.rf.0d3796e53dfaf73054fa476d46193239.jpg,valid,3A-1862,0.9788,1,DL-DDDD,4,model-confident,
data/crnn_crops/train/IMG_4029_jpg.rf.f16fb37b86fb737147683a7377f58ad9.jpg,train,1H-2874,0.9789,1,DL-DDDD,4,model-confident,
data/crnn_crops/train/imaksfeges_jpg.rf.804bf88193ab20b545ab8a591998168e.jpg,train,2A-1771,0.979,1,DL-DDDD,4,model-confident,
data/crnn_crops/train/Screenshot-2025-03-24-at-4_50_28-in-the-afternoon_jpg.rf.94f9b13ee14de1506eddc38a8556ee55.jpg,train,2A-1168,0.979,1,DL-DDDD,4,model-confident,
data/crnn_crops/valid/IMG_3700_jpg.rf.35258aeb439209c4ce6bdb95581780c0.jpg,valid,1AS-5333,0.979,1,DLL-DDDD,4,model-confident,
data/crnn_crops/train/IMG_6173_jpg.rf.995911fa896747466a2c09b72b6fddc4.jpg,train,2BE-7351,0.9791,1,DLL-DDDD,4,model-confident,
data/crnn_crops/train/images_jpg.rf.84860c09daba9e98ba73687ceff669a3.jpg,train,1C-5115,0.9792,1,DL-DDDD,4,model-confident,
data/crnn_crops/valid/IMG_6096_jpg.rf.c85ef31a6bbdcb06f8274b340f5fa084.jpg,valid,1B-1590,0.9792,1,DL-DDDD,4,model-confident,
data/crnn_crops/train/d2facd95f12f460296a46236a92b2906_jpg.rf.2f70b0bde4cc83e37b7c6f879240167e.jpg,train,1I-4777,0.9793,1,DL-DDDD,4,model-confident,
data/crnn_crops/train/download_jpg.rf.b66487f07001ffed8eda5f85e41ec005.jpg,train,1B-1590,0.9794,1,DL-DDDD,4,model-confident,
data/crnn_crops/valid/images-11-_jpg.rf.6b0ac37393545c52e6560ab493bee5a9.jpg,valid,1Q-8885,0.9794,1,DL-DDDD,4,model-confident,
data/crnn_crops/valid/IMG_4183_jpg.rf.2fce8d0978ab3ca550b4490ef11210e4.jpg,valid,2D-4846,0.9794,1,DL-DDDD,4,model-confident,
data/crnn_crops/train/IMG_4565_jpg.rf.696f8a585cce0206160052c4fa73f1fa.jpg,train,2B-8145,0.9795,1,DL-DDDD,4,model-confident,
data/crnn_crops/valid/7056d534-6407-4d1f-9851-b7326134fd70_jpg.rf.8e45a7989d62c784285f9adf73806710.jpg,valid,4A-1316,0.9796,1,DL-DDDD,4,model-confident,
data/crnn_crops/train/dkowfslfnslf_jpeg.rf.bdcf33edfa0deb56e74304dca7689fe8.jpg,train,3A-1534,0.9797,1,DL-DDDD,4,model-confident,
data/crnn_crops/train/IMG_6597_jpg.rf.1519b40484bb8b41e4fec91bb5fbea80.jpg,train,3A-1534,0.9797,1,DL-DDDD,4,model-confident,
data/crnn_crops/train/images-21-_jpg.rf.2581e1e33377ee1442c99014b8c4fe35.jpg,train,2A-0480,0.9798,1,DL-DDDD,4,model-confident,
data/crnn_crops/train/Kampong-Chhnang-number-plate_23_jpeg.rf.f6d6a01b232a387ce1877c59f61975d3.jpg,train,2D-4846,0.9798,1,DL-DDDD,4,model-confident,
data/crnn_crops/valid/-3_jpg.rf.c51d786c0411fdc1b8507f7173c076f9.jpg,valid,1M-3708,0.9798,1,DL-DDDD,4,model-confident,
data/crnn_crops/train/hjgfdwertynbvc_jpg.rf.148b37de59fb39d0f36ab3f9a7b7b691.jpg,train,2A-1215,0.9799,1,DL-DDDD,4,model-confident,
data/crnn_crops/train/IMG_2753_jpg.rf.9c513c3f2980599ed21b6fe32c428cb0.jpg,train,3A-0779,0.98,1,DL-DDDD,4,model-confident,
data/crnn_crops/valid/-872300167906305275767352-d_jpg.rf.b16e618ceec6dbf23821a76687e6ade9.jpg,valid,3A-0779,0.98,1,DL-DDDD,4,model-confident,
data/crnn_crops/valid/images_jpg.rf.18c055e37043e3dd13f182e560cee443.jpg,valid,2A-1771,0.98,1,DL-DDDD,4,model-confident,
data/crnn_crops/train/e49a070d-3d95-4918-b762-14a8828d02b8_jpg.rf.7a9c55ac125ca2c8c8d449c6a765ff5b.jpg,train,2A-2265,0.9801,1,DL-DDDD,4,model-confident,
data/crnn_crops/train/IMG_5552_jpg.rf.0383aabeaa82e85fcbed8afd36ae9757.jpg,train,2A-1215,0.9801,1,DL-DDDD,4,model-confident,
data/crnn_crops/train/IMG_d6860_JPG.rf.78126157e73ba560518cc10bf43b4820.jpg,train,1AB-5332,0.9801,1,DLL-DDDD,4,model-confident,
data/crnn_crops/valid/IMG_2924_jpg.rf.2c3b3575770114460d888dc91efcd849.jpg,valid,2A-0243,0.9803,1,DL-DDDD,4,model-confident,
data/crnn_crops/train/aa19ec26-ddcc-4d93-bffd-fe0eb3691907_jpg.rf.43be19f8ae352b721d602f2f94b628e5.jpg,train,4-0053,0.9804,1,D-DDDD,4,model-confident,
data/crnn_crops/train/PH-03-22_jpg.rf.f4826ca077293de5b790358a9a4d4e1a.jpg,train,3A-0331,0.9804,1,DL-DDDD,4,model-confident,
data/crnn_crops/train/e5b83cf7-e98c-4b8a-807a-9207a6137a7f_jpg.rf.4eb12c952534bb364c4d64aecb0dae28.jpg,train,3-0214,0.9806,1,D-DDDD,4,model-confident,
data/crnn_crops/valid/10006c2eba_jpg.rf.71fecbfee7330230f736f7bbf3acb5a2.jpg,valid,3A-7898,0.9806,1,DL-DDDD,4,model-confident,
data/crnn_crops/train/f96a9241-c7ff-46c7-acbb-af36277e9424_jpg.rf.ab134a235d6d2a2f22c27c46ef638f4c.jpg,train,4-0073,0.9807,1,D-DDDD,4,model-confident,
data/crnn_crops/train/IMG_9762_jpg.rf.798cd049e71d92e0da4ddb133eff9620.jpg,train,1S-6487,0.9807,1,DL-DDDD,4,model-confident,
data/crnn_crops/train/nbvcxdfgyut_jpg.rf.102bc13bf97e1b2f7254330e360a6bb9.jpg,train,2A-0121,0.9807,1,DL-DDDD,4,model-confident,
data/crnn_crops/valid/05e3d143-8eaf-41d9-a27f-181f61b0df35_jpg.rf.6903c7d92dd9a4fd410876c2c1b1b981.jpg,valid,3E-1605,0.9807,1,DL-DDDD,4,model-confident,
data/crnn_crops/valid/FB_IMG_1620543526755_jpg.rf.580151919d73ac148c073f88e94ee743.jpg,valid,1S-6487,0.9809,1,DL-DDDD,4,model-confident,
data/crnn_crops/valid/maxresdefault_jpg.rf.98998fc348364ae9f5ef28a7a2323e13.jpg,valid,2A-5789,0.9809,1,DL-DDDD,4,model-confident,
data/crnn_crops/valid/Screenshot-2023-05-11-110210_png.rf.422eb7744f700cb355ff81d0027b3a02.jpg,valid,2A-0181,0.9809,1,DL-DDDD,4,model-confident,
data/crnn_crops/valid/1c4621e4-0906-425b-857f-f265b576a4c7_jpg.rf.472dd04f5697fc60073029945a854178.jpg,valid,3A-3355,0.9811,1,DL-DDDD,4,model-confident,
data/crnn_crops/train/IMG_2850_jpg.rf.1fdae37624f67d27e21022dd6d31c4db.jpg,train,2A-1687,0.9812,1,DL-DDDD,4,model-confident,
data/crnn_crops/train/IMG_3916_jpg.rf.a520576985ccce31843181dd4666a395.jpg,train,3A-0636,0.9812,1,DL-DDDD,4,model-confident,
data/crnn_crops/valid/IMG_3566_jpg.rf.586d216343eafbe6f6774f5256301bca.jpg,valid,1R-7651,0.9813,1,DL-DDDD,4,model-confident,
data/crnn_crops/train/Screenshot-2023-05-10-142935_png.rf.96dd9a9b91b3b8c55566b3732edc9cdd.jpg,train,2A-0172,0.9815,1,DL-DDDD,4,model-confident,
data/crnn_crops/train/IMG_5850_jpg.rf.60352a0d0c5f0f81faba7efe47ee2235.jpg,train,2AB-5306,0.9817,1,DLL-DDDD,4,model-confident,
data/crnn_crops/train/IMG_5455_jpg.rf.6b2aad5ccf877c98dba76d28032a838e.jpg,train,1B-1590,0.9818,1,DL-DDDD,4,model-confident,
data/crnn_crops/train/IMG_7202_jpg.rf.48946376b9d994a4fc76607d9a7774f8.jpg,train,2A-1771,0.9818,1,DL-DDDD,4,model-confident,
data/crnn_crops/train/Screenshot-2023-05-10-141831_png.rf.ab8d24d201a8407eb971f9919e09c0aa.jpg,train,2A-1603,0.9818,1,DL-DDDD,4,model-confident,
data/crnn_crops/valid/IMG_7222_jpg.rf.3e7ccaece995f3bc49d17f67fb9fa575.jpg,valid,2D-8990,0.9818,1,DL-DDDD,4,model-confident,
data/crnn_crops/train/images-4-_jpg.rf.f6724f5873b34ea181370c888583ac1e.jpg,train,1R-7651,0.982,1,DL-DDDD,4,model-confident,
data/crnn_crops/valid/cae16b03-09bb-44ba-9be8-b3f6fec9ae82_jpg.rf.67a5ecc12fe049b5918c491b6cd49a75.jpg,valid,3A-7442,0.982,1,DL-DDDD,4,model-confident,
data/crnn_crops/valid/IMG_6451_jpg.rf.024a5ece6146da6bdc5615f14d8b3cf6.jpg,valid,1R-7651,0.982,1,DL-DDDD,4,model-confident,
data/crnn_crops/valid/IMG_8484_JPG.rf.d32856dc83f9be2a82eb27c431881af6.jpg,valid,1B-2235,0.982,1,DL-DDDD,4,model-confident,
data/crnn_crops/train/Screenshot-2023-05-10-130403_png.rf.27a3e07271da6c79bb6512d876862864.jpg,train,2O-0001,0.9821,1,DL-DDDD,4,model-confident,
data/crnn_crops/train/IMG_6242_jpg.rf.84ac327fbea7938335f801bdc5e82d80.jpg,train,2C-7806,0.9823,1,DL-DDDD,4,model-confident,
data/crnn_crops/valid/1000035ce6_png.rf.f435bf85c8fae6f9c7219b3c073899c6.jpg,valid,3L-3647,0.9823,1,DL-DDDD,4,model-confident,
data/crnn_crops/train/images-4-_jpg.rf.71e129f2d212fb3158883687062bd98a.jpg,train,2A-0984,0.9824,1,DL-DDDD,4,model-confident,
data/crnn_crops/train/IMG_3317_jpg.rf.bafe41ef5013efabd758b41553653531.jpg,train,1AC-0865,0.9824,1,DLL-DDDD,4,model-confident,
data/crnn_crops/train/IMG_6976_jpg.rf.1a78058773297c9b6ff7abbe1b66f2f9.jpg,train,1B-4392,0.9824,1,DL-DDDD,4,model-confident,
data/crnn_crops/train/Stung-Treng-number-plate_19_jpeg.rf.b08c919a56d846b6160019d2eedc42c7.jpg,train,2AB-5306,0.9824,1,DLL-DDDD,4,model-confident,
data/crnn_crops/train/b519026a-094c-4f9e-89f7-ae6d8f2d5490_jpg.rf.3a43a068814793816d43074d0093a56c.jpg,train,4A-0871,0.9825,1,DL-DDDD,4,model-confident,
data/crnn_crops/train/IMG_112_jpg.rf.02027ee129cf67f901a824d4568b99f0.jpg,train,2A-4444,0.9825,1,DL-DDDD,4,model-confident,
data/crnn_crops/train/IMG_7594_jpg.rf.fc0395b8a518c8be21fc46b8b13c3e3c.jpg,train,2A-2224,0.9825,1,DL-DDDD,4,model-confident,
data/crnn_crops/train/Screenshot-2023-05-10-134314_png.rf.5bbade872f5771f1b02c8bbc5bf82d29.jpg,train,2A-0136,0.9826,1,DL-DDDD,4,model-confident,
data/crnn_crops/train/Screenshot-2023-05-10-141700_png.rf.4610c8241c0e1ca9ebdc56c4ec98ebbf.jpg,train,2A-1450,0.9826,1,DL-DDDD,4,model-confident,
data/crnn_crops/valid/fakfjhtijbdokfbjetnnsf_jpg.rf.fe1a626413ab5183f6a5f88883e492d3.jpg,valid,2-3236,0.9827,1,D-DDDD,4,model-confident,
data/crnn_crops/valid/Kampong-Thom-number-plate_7_jpeg.rf.c539230540c03b3045303a3e7dae4e1e.jpg,valid,2A-1795,0.9829,1,DL-DDDD,4,model-confident,
data/crnn_crops/train/IMG_8535_jpg.rf.243305fe6138eef2fdac771f228f9d8e.jpg,train,1L-3294,0.983,1,DL-DDDD,4,model-confident,
data/crnn_crops/valid/1000bf132e_jpg.rf.9533c1bba5eb887eb261f1a9c1b54321.jpg,valid,3-9090,0.983,1,D-DDDD,4,model-confident,
data/crnn_crops/valid/IMG_7904_JPG.rf.9ab29278cb9b83968815cc1135956fa5.jpg,valid,3A-3018,0.9831,1,DL-DDDD,4,model-confident,
data/crnn_crops/valid/Screenshot-2023-05-10-161014_png.rf.c87834c20a43e15d3fa171a85413ddb8.jpg,valid,2-1443,0.9831,1,D-DDDD,4,model-confident,
data/crnn_crops/train/IMG_3168_jpg.rf.5ef158521b46d43965f8fab010b81844.jpg,train,2A-4161,0.9832,1,DL-DDDD,4,model-confident,
data/crnn_crops/valid/IMG_7652_jpg.rf.52e3bf7ffdabbffbf80d4f484d3185a5.jpg,valid,1I-4318,0.9832,1,DL-DDDD,4,model-confident,
data/crnn_crops/train/f070b053-48af-470f-be1c-acc94f6fba80_jpg.rf.38bf9fb7bb05ef2ac379a62af3fe3b5b.jpg,train,4A-0824,0.9833,1,DL-DDDD,4,model-confident,
data/crnn_crops/valid/IMG_d7846_JPG.rf.3e5abe79c75668c0f5c9b6b57b54b47f.jpg,valid,1M-2300,0.9833,1,DL-DDDD,4,model-confident,
data/crnn_crops/train/d411c82b-cfdc-4dff-adf0-27b3ede5d53e_jpg.rf.969d5d5399ac67bd224567e104f9af9c.jpg,train,4-0033,0.9834,1,D-DDDD,4,model-confident,
data/crnn_crops/train/IMG_5993_jpg.rf.1608874542fa5e660ad577c4c80e1967.jpg,train,2B-7768,0.9834,1,DL-DDDD,4,model-confident,
data/crnn_crops/valid/IMG_4215_jpg.rf.1fd84d2a1efb2363a175c8310e886ab2.jpg,valid,1J-2250,0.9834,1,DL-DDDD,4,model-confident,
data/crnn_crops/valid/67ed59f1-fd9d-4a0b-a3ce-2e608c21bcc0_jpg.rf.b66bd40e6e3f9b9e6ee2a30a72d628ea.jpg,valid,3-0199,0.9837,1,D-DDDD,4,model-confident,
data/crnn_crops/train/Screenshot-2023-05-10-163634_png.rf.f2c121480d427fd1b062c97d3da73848.jpg,train,2A-0097,0.9839,1,DL-DDDD,4,model-confident,
data/crnn_crops/valid/IMG_4039_jpg.rf.3e9508696d0a9643867092f789755746.jpg,valid,1S-1101,0.9839,1,DL-DDDD,4,model-confident,
data/crnn_crops/train/IMG_d4095_JPG.rf.eb62b79516f694ee7b6338a8af145156.jpg,train,1AC-3443,0.984,1,DLL-DDDD,4,model-confident,
data/crnn_crops/valid/06972e77-da31-48c0-a705-c47fe2e5c31a_jpg.rf.68920d5ad65243c5e3de9883c308ce62.jpg,valid,3E-3804,0.9843,1,DL-DDDD,4,model-confident,
data/crnn_crops/train/ad7f52a7-0998-4c9a-97de-9696447810fc_jpg.rf.a1119bb354060810d991cc9b9addffb4.jpg,train,3A-1389,0.9845,1,DL-DDDD,4,model-confident,
data/crnn_crops/train/IMG_4093_jpg.rf.5a17da7f9cd516badc2c732846528ec8.jpg,train,2D-3373,0.9845,1,DL-DDDD,4,model-confident,
data/crnn_crops/train/IMG_8244_jpg.rf.3fbd2730f827e0b5e9f3278d179dad16.jpg,train,2A-1436,0.9845,1,DL-DDDD,4,model-confident,
data/crnn_crops/valid/timthumb_jpg.rf.22a3da42d312de8d509e668b84007e6c.jpg,valid,2A-1620,0.9847,1,DL-DDDD,4,model-confident,
data/crnn_crops/train/IMG_3349_jpg.rf.ac0f5b1bfbbfc3d88badef4351ef4d15.jpg,train,1D-8488,0.985,1,DL-DDDD,4,model-confident,
data/crnn_crops/train/IMG_d4611_JPG.rf.69a68049702ff00d82e376aabe08f7a9.jpg,train,1K-5240,0.985,1,DL-DDDD,4,model-confident,
data/crnn_crops/train/toyota-highlander-2002-12300-689113168008132017884118-b_jpg.rf.e106ae9623a7c521e1a7f7604104456d.jpg,train,2A-3586,0.985,1,DL-DDDD,4,model-confident,
data/crnn_crops/train/IMG_6289_jpg.rf.4f6373de2398abfe4956ce9bab841c93.jpg,train,1E-9818,0.9852,1,DL-DDDD,4,model-confident,
data/crnn_crops/train/Kampong-Chhnang-number-plate_10_jpeg.rf.ccfa2313d298f1a7a04bd02de866e502.jpg,train,1D-8488,0.9852,1,DL-DDDD,4,model-confident,
data/crnn_crops/valid/276052558_1622126518166449_3375901247190768870_n_jpg.rf.d67688ce8c6831efc7293a9c6f72d89c.jpg,valid,2B-1899,0.9852,1,DL-DDDD,4,model-confident,
data/crnn_crops/valid/IMG_5112_jpg.rf.8628f4f072b9b3301927a75250cc17d5.jpg,valid,3A-9097,0.9853,1,DL-DDDD,4,model-confident,
data/crnn_crops/valid/10005b32e8_jpg.rf.c9f6c71201f3a6ab32de70dcf5b0eddc.jpg,valid,3-7896,0.9854,1,D-DDDD,4,model-confident,
data/crnn_crops/train/IMG_9695_jpg.rf.0f8b80be2f966cf88832977a30de098d.jpg,train,1H-7684,0.9855,1,DL-DDDD,4,model-confident,
data/crnn_crops/train/images_jpg.rf.607f6e46f9f936b84098ca8108448e83.jpg,train,3A-1368,0.9857,1,DL-DDDD,4,model-confident,
data/crnn_crops/train/IMG_d5480_JPG.rf.66e345f114fc7c0321d0c5533dc20bc8.jpg,train,2A-7099,0.9857,1,DL-DDDD,4,model-confident,
data/crnn_crops/train/IMG_9643_jpg.rf.c0709e166e4561de8059f45cee36f38e.jpg,train,3A-1368,0.9858,1,DL-DDDD,4,model-confident,
data/crnn_crops/train/IMG_7248_jpg.rf.31099d63caa89b21b0a2113d5d97ab77.jpg,train,1E-9818,0.986,1,DL-DDDD,4,model-confident,
data/crnn_crops/train/df0e8cda-ddb6-41d7-9120-9e748774917f_jpg.rf.b483f6277dc0da3205475df3abc5cb80.jpg,train,1A-1260,0.9861,1,DL-DDDD,4,model-confident,
data/crnn_crops/valid/10000b5a05_jpg.rf.fa14d1f1ae5e988db855e5f08a53dfbc.jpg,valid,2W-1234,0.9861,1,DL-DDDD,4,model-confident,
data/crnn_crops/valid/81cecb04-ac32-497a-8c3e-c8dcfe016568_jpg.rf.cd63e8c65001ef0cd54e83789898c048.jpg,valid,3A-2136,0.9861,1,DL-DDDD,4,model-confident,
data/crnn_crops/train/bsoral-4-rasmeinews_jpg.rf.4b3c7ffad7e2d68c4c5d6cbed97e0f01.jpg,train,1H-5042,0.9862,1,DL-DDDD,4,model-confident,
data/crnn_crops/train/IMG_118_jpg.rf.be148853febdbfc7c86b24d8072f01dd.jpg,train,2A-1795,0.9862,1,DL-DDDD,4,model-confident,
data/crnn_crops/train/Prey-Veng-number-plate_14_jpeg.rf.07f87cde6d00677d903f149f439e9078.jpg,train,1E-9818,0.9863,1,DL-DDDD,4,model-confident,
data/crnn_crops/train/IMG_3191_jpg.rf.a98b5a48b90386b975b4ac1445a2eb14.jpg,train,2A-0756,0.9865,1,DL-DDDD,4,model-confident,
data/crnn_crops/train/IMG_5987_jpg.rf.ddbd686074775e001329054fd915196d.jpg,train,2C-2500,0.9865,1,DL-DDDD,4,model-confident,
data/crnn_crops/valid/IMG_1216_jpg.rf.6f79669f74d7c11f647db9e5cab51dbf.jpg,valid,2A-7159,0.9865,1,DL-DDDD,4,model-confident,
data/crnn_crops/valid/8f4341cc-cbe2-4dde-841b-4cfdb52ec71b_jpg.rf.579f651affe91e9db76ab399dedf26c3.jpg,valid,3A-5795,0.9867,1,DL-DDDD,4,model-confident,
data/crnn_crops/train/Phnom-Penh-number-plate_11_jpeg.rf.6c85c9e87b7ec310eec68005500f1f2e.jpg,train,2F-6326,0.9868,1,DL-DDDD,4,model-confident,
data/crnn_crops/train/IMG_8857_jpg.rf.c93314513ae5eae15b813c55e96d465c.jpg,train,2A-6892,0.9869,1,DL-DDDD,4,model-confident,
data/crnn_crops/valid/d6cae442-bdb7-456c-ac51-288137cc26f5_jpg.rf.e04ec733465898bb56a0955f30c743a4.jpg,valid,3-0215,0.9869,1,D-DDDD,4,model-confident,
data/crnn_crops/train/dbfce869-2ef3-4137-8253-211ac35672b5_jpg.rf.d84716d3ce061d01864a7b8ac359d406.jpg,train,4A-0846,0.987,1,DL-DDDD,4,model-confident,
data/crnn_crops/train/IMG_2764_jpg.rf.00886aa5f2ed08cbbcd6db3627c3fc2b.jpg,train,1-1113,0.987,1,D-DDDD,4,model-confident,
data/crnn_crops/valid/01ff0bbc-e27b-4c5d-9ebe-af308e915abe_jpg.rf.6cc61e23c76ab5e9a7392ff6a29acbd4.jpg,valid,4A-1483,0.987,1,DL-DDDD,4,model-confident,
data/crnn_crops/train/IMG_4817_jpg.rf.fa8b7a4a9e44fdad6bd55ae4879ea607.jpg,train,2A-1420,0.9872,1,DL-DDDD,4,model-confident,
data/crnn_crops/train/c279531a-28e1-4c27-aaa0-3f00242831fc_jpg.rf.32693ef631150197a4d184861055972e.jpg,train,4A-2695,0.9875,1,DL-DDDD,4,model-confident,
data/crnn_crops/valid/1000aeb822_png.rf.b1024f5b1613dfa8a27cb067ecb16a07.jpg,valid,3A-7898,0.9876,1,DL-DDDD,4,model-confident,
data/crnn_crops/train/e90b2d0c-662d-45c6-8a48-c06d54f7933f_jpg.rf.991764d7ab541087edd3878d5ea5099c.jpg,train,3A-0304,0.9878,1,DL-DDDD,4,model-confident,
data/crnn_crops/train/IMG_5803_jpg.rf.404e1d958e5ba95fea2050f91fd0632d.jpg,train,1B-1590,0.9878,1,DL-DDDD,4,model-confident,
data/crnn_crops/train/suzuki-nex-572260168049873972319668-c_jpg.rf.a39a22e7e2b29e1ed0bdb282bc26d735.jpg,train,1T-4787,0.9878,1,DL-DDDD,4,model-confident,
data/crnn_crops/train/s-783870-1658894914-75661809-b_jpg.rf.e7d46aea76182bbb27c05eb5a27af3bd.jpg,train,1M-6510,0.9879,1,DL-DDDD,4,model-confident,
data/crnn_crops/train/s-toyota-hilux-2003-872058167900883413867975-b_jpg.rf.be68e54ba18b0792cf4a556566fac40b.jpg,train,2A-5309,0.9879,1,DL-DDDD,4,model-confident,
data/crnn_crops/train/cam-photo-police-plates-jens_jpg.rf.6bee9a3774b9dad90b9376f34df97b7f.jpg,train,2-1899,0.988,1,D-DDDD,4,model-confident,
data/crnn_crops/train/download-2-_jpg.rf.ee051ff13ec7337f48fc0da09434be98.jpg,train,2A-0634,0.9882,1,DL-DDDD,4,model-confident,
data/crnn_crops/valid/66cec046-da20-4124-b050-4d5c457aefd6_jpg.rf.c320018850d60caa532dd298d4b782ca.jpg,valid,3A-0033,0.9882,1,DL-DDDD,4,model-confident,
data/crnn_crops/train/IMG_3218_jpg.rf.7be8ede7cf0df71712d118b7cf75affb.jpg,train,1B-3504,0.9883,1,DL-DDDD,4,model-confident,
data/crnn_crops/train/IMG_2883_jpg.rf.b5f01a63e8df83e604e81fc2779cf2bc.jpg,train,3A-2399,0.9884,1,DL-DDDD,4,model-confident,
data/crnn_crops/train/IMG_5522_jpg.rf.30a166072e535b1beb1bad64782cdfc7.jpg,train,1M-6510,0.9884,1,DL-DDDD,4,model-confident,
data/crnn_crops/valid/Screenshot-2023-05-10-141948_png.rf.beabef1524e7d02dd7027bc185919d7a.jpg,valid,2-1740,0.9886,1,D-DDDD,4,model-confident,
data/crnn_crops/train/mvxytieweu_jpg.rf.4c5e66d96a220e8a58fc637b9aee482f.jpg,train,1B-3504,0.9887,1,DL-DDDD,4,model-confident,
data/crnn_crops/train/IMG_2892_jpg.rf.895cd76829e1f0add7222c5b5b9d142c.jpg,train,2A-1771,0.9888,1,DL-DDDD,4,model-confident,
data/crnn_crops/train/df6750e0-fa80-415c-9c21-2de189d661ad_jpg.rf.085b300fc377a1d70b59f66ffaf9bf2e.jpg,train,4A-0054,0.989,1,DL-DDDD,4,model-confident,
data/crnn_crops/valid/cam-photo-police-plates-jens-696x464_jpg.rf.40f9fa46e5e6cb80c8125b0d026029b6.jpg,valid,2-1899,0.989,1,D-DDDD,4,model-confident,
data/crnn_crops/valid/cr1-1_jpeg.rf.00171e3117bedcc0bc03ebcd6c9f2dc7.jpg,valid,2B-6819,0.9891,1,DL-DDDD,4,model-confident,
data/crnn_crops/train/b8cd2237-debe-4cd4-a723-088090da7ac0_jpg.rf.39c05b8feb8be80b6a82a96e3ca782b5.jpg,train,3A-1555,0.9892,1,DL-DDDD,4,model-confident,
data/crnn_crops/train/IMG_5995_jpg.rf.57cb6ca4e940aeca209c215227935a8d.jpg,train,2B-7474,0.9893,1,DL-DDDD,4,model-confident,
data/crnn_crops/train/oosxxkrie_jpg.rf.0e01286e2fbc9fa0120e5517dfe8abb8.jpg,train,2B-7474,0.9893,1,DL-DDDD,4,model-confident,
data/crnn_crops/train/IMG_8324_jpg.rf.ff4862ac0a09fe65133707c7e1140d10.jpg,train,2D-2122,0.9895,1,DL-DDDD,4,model-confident,
data/crnn_crops/train/IMG_6415_jpg.rf.f6a78b0b9da6f6f37c5dffad5244606b.jpg,train,3A-9097,0.9896,1,DL-DDDD,4,model-confident,
data/crnn_crops/valid/626fe04860107_jpeg.rf.8471dee86b14beb974937dd7658e1a29.jpg,valid,1I-5869,0.9896,1,DL-DDDD,4,model-confident,
data/crnn_crops/valid/03d0df5b-607d-466d-b823-3e27597704d5_jpg.rf.3fae49e12f3db43372ca478b43c5333d.jpg,valid,3E-4022,0.9897,1,DL-DDDD,4,model-confident,
data/crnn_crops/valid/1406202116236722881879322810_jpg.rf.a35ef7148bf45dc7667566dac5c203ff.jpg,valid,3A-9097,0.9897,1,DL-DDDD,4,model-confident,
data/crnn_crops/valid/IMG_9058_JPG.rf.bb274cb67d0f5f163fb7f6d20eec5ab5.jpg,valid,2D-4122,0.9897,1,DL-DDDD,4,model-confident,
data/crnn_crops/valid/add71367-598f-4566-ad9f-8402c990eaff_jpg.rf.26a51d6b7cf2c49515b0d622c5708bd6.jpg,valid,3A-6415,0.9898,1,DL-DDDD,4,model-confident,
data/crnn_crops/train/IMG_8775_JPG.rf.cc7ab65fbc6a2a3bbc4be502deb1d2dd.jpg,train,1F-8404,0.9899,1,DL-DDDD,4,model-confident,
data/crnn_crops/train/IMG_d6056_JPG.rf.b499c524a20bc44587b7667135d5542a.jpg,train,2C-5326,0.9899,1,DL-DDDD,4,model-confident,
data/crnn_crops/valid/IMG_3172_jpg.rf.2297f8ab408243d647a7857cba49ebd4.jpg,valid,2B-3172,0.9899,1,DL-DDDD,4,model-confident,
data/crnn_crops/valid/PH-0kdjtrir2-20_jpg.rf.32b5786bb26603a63585a79d6a2eb42b.jpg,valid,3A-3037,0.9899,1,DL-DDDD,4,model-confident,
data/crnn_crops/train/IMG_4774_jpg.rf.ae33de259c2037d6070c5e21c9775cf4.jpg,train,1H-2382,0.99,1,DL-DDDD,4,model-confident,
data/crnn_crops/train/IMG_5333_jpg.rf.63c0c71539fb1f1dfcfcba0cec66a821.jpg,train,2A-4161,0.99,1,DL-DDDD,4,model-confident,
data/crnn_crops/train/IMG_3905_jpg.rf.cdfde0eea5c0070b2fc969519af27d17.jpg,train,1C-3967,0.9901,1,DL-DDDD,4,model-confident,
data/crnn_crops/valid/IMG_5030_jpg.rf.c6f83cce696b1b941b051a2ebe20a5b8.jpg,valid,2AN-9351,0.9901,1,DLL-DDDD,4,model-confident,
data/crnn_crops/train/IMG_6414_jpg.rf.67f40e63886f8ccb44a1938f82172c20.jpg,train,1Q-7744,0.9905,1,DL-DDDD,4,model-confident,
data/crnn_crops/valid/fbe141dc-e7d0-45cd-963c-e035f4605600_jpg.rf.92b230efbca485ec88abf0611e95847e.jpg,valid,3-0215,0.9905,1,D-DDDD,4,model-confident,
data/crnn_crops/train/IMG_8531_JPG.rf.9b4297cb597f1029a44705320c5f3827.jpg,train,1AP-1330,0.9907,1,DLL-DDDD,4,model-confident,
data/crnn_crops/train/photo_2021-02-17_12-51-12_jpg.rf.bd7d9b7b7e81b8c79cab0aaaae1ff5c6.jpg,train,2C-1975,0.9907,1,DL-DDDD,4,model-confident,
data/crnn_crops/train/bsoral-4-rasmeinews_jpg.rf.afd4cc4b62e1815234ba2caa30677cd8.jpg,train,1H-5042,0.9912,1,DL-DDDD,4,model-confident,
data/crnn_crops/train/IMG_7587_jpg.rf.4616568544ad5449289331962305a79f.jpg,train,1B-1590,0.9913,1,DL-DDDD,4,model-confident,
data/crnn_crops/valid/IMG_6954_jpg.rf.3e80fa78c173608e32e4e4ec33e431ae.jpg,valid,1H-5042,0.9914,1,DL-DDDD,4,model-confident,
data/crnn_crops/train/IMG_3894_jpg.rf.a3d471d9def5b714d1eaec5300db61b5.jpg,train,3A-2295,0.9915,1,DL-DDDD,4,model-confident,
data/crnn_crops/train/IMG_6165_jpg.rf.dc23b0c1b27999d83bc4401b015042e0.jpg,train,2A-3739,0.9916,1,DL-DDDD,4,model-confident,
data/crnn_crops/train/images-5-_jpg.rf.f03f89aa789346e063ea0223e4e33e24.jpg,train,2B-1507,0.9917,1,DL-DDDD,4,model-confident,
data/crnn_crops/train/IMG_7641_jpg.rf.5a2f404e90be63fb59c30f5b73b492e6.jpg,train,2B-1507,0.9917,1,DL-DDDD,4,model-confident,
data/crnn_crops/valid/-340-282896167817058030802924-c_jpg.rf.beddf86960b4c53e3daf075346fc66c2.jpg,valid,3A-7576,0.9917,1,DL-DDDD,4,model-confident,
data/crnn_crops/train/IMG_1240_jpg.rf.d220c6a2ca3bcdf4d7f1281955133ebf.jpg,train,2B-1507,0.9918,1,DL-DDDD,4,model-confident,
data/crnn_crops/train/ab1c4541-ca33-4f77-85a1-bd086c90da49_jpg.rf.f94d39dc61f4dce0b5498bdcca1867b2.jpg,train,3A-1311,0.9924,1,DL-DDDD,4,model-confident,
data/crnn_crops/valid/-702003168216592114386037-b_jpg.rf.1e4a0e29e09f6d6376ecfe9688ae8d4a.jpg,valid,2A-1111,0.9924,1,DL-DDDD,4,model-confident,
data/crnn_crops/valid/945abe40-3d4d-40e2-9323-645117532d8a_jpg.rf.9e94b79ea3eecc307db57c6190f8710e.jpg,valid,3-0206,0.9926,1,D-DDDD,4,model-confident,
data/crnn_crops/train/photo_2016-12-13_08-57-04_jpg.rf.3c2537e4d84ecc9eb46ee791e14d0006.jpg,train,1I-4994,0.9927,1,DL-DDDD,4,model-confident,
data/crnn_crops/valid/IMG_3633_jpg.rf.6656345fe665801f0e2d19991f36cd07.jpg,valid,2A-1111,0.9927,1,DL-DDDD,4,model-confident,
data/crnn_crops/train/download_jpg.rf.c0d92f097cdd23d61ce1446316672406.jpg,train,1M-7776,0.9928,1,DL-DDDD,4,model-confident,
data/crnn_crops/train/IMG_5378_jpg.rf.a9d79f751876613d7c827b197d915b10.jpg,train,1I-4994,0.9928,1,DL-DDDD,4,model-confident,
data/crnn_crops/valid/10009479e3_jpg.rf.127f2e0543b514e45d6c58e85e44efab.jpg,valid,3A-5678,0.9928,1,DL-DDDD,4,model-confident,
data/crnn_crops/train/d6f4fb87-dcc4-4891-ba89-09b1ea996587_jpg.rf.51bc324e91231a5d5ac8e3302e0f05f7.jpg,train,3A-1889,0.9929,1,DL-DDDD,4,model-confident,
data/crnn_crops/train/Screenshot-2023-05-10-161118_png.rf.39a869419b0d9634aa0dcb89ee8996e8.jpg,train,2-1487,0.9931,1,D-DDDD,4,model-confident,
data/crnn_crops/train/IMG_3562_jpg.rf.1b659994e0ff8a935c2562bb9b7c9c19.jpg,train,1E-7169,0.9932,1,DL-DDDD,4,model-confident,
data/crnn_crops/valid/IMG_7327_jpg.rf.84fafe75c659991e6aa8ca0638d35b5e.jpg,valid,3A-2148,0.9933,1,DL-DDDD,4,model-confident,
data/crnn_crops/valid/photo_2023-05-31_16-46-04_jpg.rf.6ffe772e0158a9ad77c1bc412b145f07.jpg,valid,1E-7169,0.9934,1,DL-DDDD,4,model-confident,
data/crnn_crops/train/IMG_3684_jpg.rf.be033c6257072ebe0c0e65576e42e9fa.jpg,train,1M-4714,0.9937,1,DL-DDDD,4,model-confident,
data/crnn_crops/train/IMG_6040_jpg.rf.9434396a32fdedc01e7cd81fdeaa5a97.jpg,train,1T-4787,0.9937,1,DL-DDDD,4,model-confident,
data/crnn_crops/valid/1000593206_jpg.rf.25890ac100b11f6742e5c0973c0d45f7.jpg,valid,2-4758,0.9937,1,D-DDDD,4,model-confident,
data/crnn_crops/train/akfjirgjagn_jpg.rf.294adfe307f2a3b4b16f6d098ff73e1c.jpg,train,1T-4787,0.9939,1,DL-DDDD,4,model-confident,
data/crnn_crops/valid/02f71747-f1f1-4af4-aec8-194280be78a4_jpg.rf.1ae4fb07bf4d1048a4cfe187962b75f3.jpg,valid,4A-0872,0.9939,1,DL-DDDD,4,model-confident,
data/crnn_crops/train/IMG_3126_jpg.rf.39190afca3efb986b1e27a335eb0642f.jpg,train,2B-8710,0.994,1,DL-DDDD,4,model-confident,
data/crnn_crops/valid/IMG_3005_jpg.rf.97b0ba306654b763b9dcf7d8d5bcdc1b.jpg,valid,1I-4777,0.9942,1,DL-DDDD,4,model-confident,
data/crnn_crops/train/IMG_6504_jpg.rf.e9b9193588c3bd27c76c3d13adcc0280.jpg,train,3A-6395,0.9944,1,DL-DDDD,4,model-confident,
data/crnn_crops/valid/0036d90a-f407-47c2-9850-1eaa1e0584a7_jpg.rf.ce9f6cb1373ebaa4f3a3d75695a97099.jpg,valid,3B-5283,0.9946,1,DL-DDDD,4,model-confident,
data/crnn_crops/valid/49430537881_77672230b7_z_jpg.rf.520a4902b3400d67b977eb03d996325c.jpg,valid,2-6363,0.9949,1,D-DDDD,4,model-confident,
data/crnn_crops/train/IMG_3431_jpg.rf.507edeb78b97f79178b947224ce31a9b.jpg,train,2A-1993,0.9954,1,DL-DDDD,4,model-confident,
data/crnn_crops/train/IMG_7507_jpg.rf.9f72ee96f3fde250b5844c026f19164c.jpg,train,1M-9900,0.9956,1,DL-DDDD,4,model-confident,
data/crnn_crops/train/postnews-com-kh-2022-02-07_09-26-28_jpg.rf.a79307b5284a3f59cb4b7443b486fe0c.jpg,train,1M-9900,0.9956,1,DL-DDDD,4,model-confident,
data/crnn_crops/train/unnamed-1-15-1024fgx768_jpg.rf.5bcf486880933d696cb934a05ac0b899.jpg,train,1A-8373,0.9958,1,DL-DDDD,4,model-confident,
data/crnn_crops/train/received_1672055813144103-1024x768_jpeg.rf.993977a060211aee768cf3e8ee70b65e.jpg,train,1P-3619,0.9962,1,DL-DDDD,4,model-confident,
data/crnn_crops/valid/IMG_5520_jpg.rf.1a60a841f2b90c9f682dfa44792aa832.jpg,valid,1P-3619,0.9962,1,DL-DDDD,4,model-confident,
data/crnn_crops/train/a4975035-7652-4720-a103-e0c8512e51c3_jpg.rf.3b4a50f4517131f0ce74a8cfe9dafd3f.jpg,train,4A-1022,0.9966,1,DL-DDDD,4,model-confident,
data/crnn_crops/train/a-young-woman-died-immediately-after-a-container-truck-hit-and-crushed_jpg.rf.a979de822ea55970dc6f0da1605564f0.jpg,train,1AC-9576,0.9967,1,DLL-DDDD,4,model-confident,
data/crnn_crops/train/lexus-rx300-2002-2-396769167871396338864484-b_jpg.rf.b8e80a57cb503ccd4c880d6a42b2e293.jpg,train,2C-6902,0.9967,1,DL-DDDD,4,model-confident,
data/crnn_crops/valid/fde72bd2-e425-4c00-b48c-68d5d31de16f_jpg.rf.240040664fe387d914298885bde4a23d.jpg,valid,3-0209,0.9967,1,D-DDDD,4,model-confident,
data/crnn_crops/train/IMG_7061_jpg.rf.d77f8d90705e69472f39b3508ab1871a.jpg,train,2C-6902,0.9969,1,DL-DDDD,4,model-confident,
data/crnn_crops/valid/IMG_6275_jpg.rf.c17f07c9a08954fbec27824d30b75d03.jpg,valid,2A-6855,0.997,1,DL-DDDD,4,model-confident,
data/crnn_crops/train/Takeo-number-plate_4_jpeg.rf.d95861726354b6996c39c96e4fda6f88.jpg,train,2A-2628,0.9973,1,DL-DDDD,4,model-confident,
data/crnn_crops/train/a18c128b-c05a-4340-8707-6845aeacf01b_jpg.rf.cd1076a7a6a87b26cc753c48804ef419.jpg,train,3A-4885,0.9978,1,DL-DDDD,4,model-confident,
data/crnn_crops/valid/images-23-_jpg.rf.915f4fad2528cecd05e2e5b2d9921e55.jpg,valid,3A-0879,0.9981,1,DL-DDDD,4,model-confident,
data/crnn_crops/train/5b40c408-0f63-4a00-a89c-53d31a1aa708_jpg.rf.9e959c0b47700b30f33865c231695cc0.jpg,train,4A-1022,0.9984,1,DL-DDDD,4,model-confident,
data/crnn_crops/valid/images-8-_jpg.rf.74e71fcea860862dbc567c1e6a4d5b4f.jpg,valid,2A-1075,0.9986,1,DL-DDDD,4,model-confident,
data/crnn_crops/train/images-2-_jpg.rf.b2147597b8316d9342e2cd69d6f8c78f.jpg,train,3A-0700,0.9988,1,DL-DDDD,4,model-confident,
data/crnn_crops/train/IMG_5337_jpg.rf.e84115282325b2a128855fe85329403e.jpg,train,2A-1075,0.9988,1,DL-DDDD,4,model-confident,
data/crnn_crops/valid/IMG_6912_jpg.rf.2b8535fb8335f0c10e6795a21b82f4f7.jpg,valid,2B-4656,0.9989,1,DL-DDDD,4,model-confident,
